-2.375,-79.267,
-0.785,-79.641,
-0.595,-79.553,
0.321,-79.213,
35.892,14.432,
35.897,14.453,
35.886,14.524,
35.897,14.465,
35.822,14.523,
35.881,14.522,
35.86,14.383,
35.873,14.52,
35.892,14.504,
36.038,14.236,
36.027,14.286,
36.068,14.201,
35.924,14.455,
36.065,14.222,
35.846,14.517,
35.851,14.503,
35.906,14.493,
35.887,14.488,
35.91,14.456,
35.887,14.405,
35.919,14.364,
35.845,14.467,
35.899,14.484,
35.891,14.397,
35.888,14.517,
35.891,14.533,
36.044,14.216,
35.844,14.484,
35.901,14.442,
35.86,14.483,
35.876,14.492,
35.861,14.559,
35.842,14.551,
35.958,14.351,
35.913,14.421,
36.029,14.226,
36.049,14.294,
35.933,14.438,
35.874,14.506,
35.931,14.476,
35.892,14.494,
36.038,14.317,
35.879,14.467,
35.832,14.451,
35.883,14.398,
36.045,14.242,
35.835,14.492,
35.909,14.475,
35.917,14.489,
36.049,14.198,
35.862,14.506,
35.938,14.399,
35.89,14.478,
36.023,14.251,
35.849,14.426,
35.913,14.502,
35.922,14.469,
35.867,14.513,
35.899,14.496,
35.898,14.512,
36.054,14.267,
36.033,14.261,
35.885,14.549,
35.875,14.542,
35.874,14.436,
36.067,14.244,
35.858,14.533,
35.822,14.483,
57.917,19.133,
59.617,17.367,
59.533,16.25,
59.317,18.255,
59.635,17.913,
59.333,18.065,
55.55,12.967,
55.583,13.2,
55.6,13.25,
55.658,13.083,
55.85,12.917,
56.25,12.967,
57.567,11.933,
59.333,18.05,
59.283,18.067,
59.25,18.083,
59.297,18.031,
59.279,18.011,
59.276,17.902,
59.267,18.117,
59.306,17.987,
59.31,18.164,
59.283,18.3,
59.327,18.39,
59.233,18.3,
59.168,18.145,
59.168,18.138,
59.117,18.1,
59.267,18.183,
59.35,18.5,
59.237,17.982,
59.217,18.15,
59.267,17.883,
59.2,17.733,
59.25,17.783,
59.2,17.883,
59.199,17.833,
58.983,17.9,
58.903,17.948,
59.196,17.625,
59.1,17.567,
59.183,17.433,
59.35,17.917,
59.364,17.874,
59.383,17.917,
59.403,17.945,
59.15,16.85,
59.36,18.001,
59.361,17.971,
59.336,18.058,
59.35,17.966,
59.291,17.812,
59.367,18.133,
59.399,18.029,
59.444,18.069,
59.479,18.3,
59.402,18.353,
59.534,18.078,
59.583,17.883,
59.428,17.951,
59.617,17.724,
59.52,17.908,
59.617,17.85,
59.479,17.748,
59.517,17.633,
59.758,18.705,
59.75,18.367,
60.05,18.6,
63.828,20.26,
63.933,19.833,
63.907,19.757,
64.627,16.656,
63.706,20.364,
63.569,19.502,
64.193,20.848,
64.067,20.85,
63.93,19.214,
64.262,16.413,
63.904,20.55,
65.067,18.583,
64.595,18.674,
64.202,19.72,
65.096,17.117,
64.751,20.953,
64.713,21.166,
64.836,20.985,
64.912,19.482,
64.867,20.383,
64.517,20.65,
66.052,17.886,
65.59,19.167,
65.317,21.479,
65.676,21.002,
65.35,21.4,
65.283,21.383,
65.417,21.45,
65.853,23.157,
65.835,24.137,
65.633,22.017,
65.855,22.291,
66.328,22.844,
66.388,23.654,
65.825,21.689,
66.607,19.823,
65.584,22.155,
67.856,20.225,
67.134,20.653,
67.175,20.655,
67.213,23.366,
59.726,17.788,
60.167,18.467,
60.259,18.374,
60.017,17.733,
59.967,17.7,
59.636,17.078,
59.567,17.528,
60.183,18.183,
60.067,18.083,
60.267,17.65,
60.233,17.7,
60.2,17.9,
59.733,17.3,
59.617,17.25,
59.858,17.645,
60.641,17.409,
60.383,17.233,
60.343,17.518,
58.753,17.008,
58.671,17.102,
58.896,17.548,
59.367,16.508,
58.996,16.207,
59.058,16.588,
59.043,15.874,
59.377,17.031,
59.047,17.312,
59.267,17.217,
58.417,15.617,
58.537,15.037,
58.449,14.89,
58.326,15.124,
58.4,15.083,
58.202,15.998,
58.23,14.653,
58.594,16.183,
58.706,15.767,
58.481,16.322,
58.203,16.602,
58.667,16.183,
58.567,15.9,
58.667,16.383,
57.186,14.04,
57.304,13.541,
57.167,13.4,
57.283,13.633,
57.358,13.737,
57.782,14.156,
57.8,14.267,
57.7,14.1,
58.017,14.467,
57.85,14.117,
57.917,13.878,
57.912,14.074,
57.498,14.148,
57.433,14.083,
57.653,14.697,
58.037,14.978,
57.429,15.078,
57.666,14.972,
57.403,14.662,
57.839,14.81,
56.461,13.596,
56.833,13.941,
56.783,14.45,
57.0,14.567,
56.899,14.556,
56.551,14.138,
56.878,14.809,
56.525,14.979,
56.633,15.537,
56.745,15.907,
57.041,16.445,
56.983,16.333,
56.413,15.998,
56.65,16.45,
56.879,16.656,
56.633,16.167,
56.662,16.362,
57.265,16.448,
57.488,15.844,
57.166,16.026,
57.758,16.637,
57.9,16.4,
57.666,15.855,
57.641,18.296,
57.517,18.45,
57.541,18.419,
57.238,18.374,
57.387,18.204,
57.283,18.467,
57.15,18.317,
57.433,18.833,
57.783,18.783,
57.705,18.803,
57.733,18.583,
57.867,19.05,
56.277,14.534,
56.052,14.575,
56.2,15.65,
56.162,15.587,
56.21,15.276,
56.171,14.862,
56.183,14.75,
56.267,14.767,
55.606,13.001,
55.583,12.95,
55.533,12.95,
55.517,13.0,
55.533,12.917,
55.703,13.193,
55.375,13.157,
55.633,13.071,
55.508,13.235,
55.672,13.069,
55.471,13.02,
55.417,12.95,
55.717,13.017,
55.533,13.1,
55.417,12.85,
55.839,13.304,
55.852,13.661,
55.934,13.539,
55.792,13.11,
55.643,13.206,
55.767,13.017,
55.717,13.333,
56.047,12.694,
55.967,12.767,
56.017,12.717,
56.1,12.733,
55.871,12.83,
56.243,12.862,
56.2,12.558,
56.136,13.131,
56.136,12.944,
56.084,12.919,
55.913,13.108,
56.427,12.853,
55.43,13.82,
55.467,13.933,
55.556,14.35,
55.543,13.955,
55.478,13.502,
55.631,13.706,
56.159,13.766,
56.167,13.583,
56.382,13.994,
56.138,13.395,
56.283,13.278,
56.1,13.917,
56.183,14.083,
56.031,14.152,
56.075,14.47,
55.917,14.283,
55.833,14.083,
56.675,12.857,
56.906,12.491,
56.512,13.044,
56.8,12.967,
56.999,13.24,
57.543,11.943,
57.106,12.251,
57.487,12.076,
57.425,12.029,
57.707,11.967,
57.647,11.929,
57.677,11.958,
57.724,11.77,
57.783,12.1,
57.8,12.15,
57.61,12.051,
57.655,12.014,
57.739,12.106,
57.659,12.118,
57.616,11.946,
57.567,12.083,
57.654,12.363,
57.687,12.212,
57.871,11.98,
57.77,12.269,
58.071,11.818,
57.967,12.117,
58.037,12.809,
57.8,12.367,
57.883,12.067,
58.348,11.942,
58.939,11.171,
58.274,11.436,
58.383,11.483,
58.472,11.669,
58.363,11.259,
58.724,11.326,
58.568,11.992,
58.217,11.917,
58.284,12.289,
58.381,12.323,
58.133,12.133,
58.8,12.417,
58.7,12.453,
58.188,12.716,
58.117,12.533,
58.332,12.681,
57.933,11.583,
57.933,11.617,
58.05,11.733,
57.987,11.557,
58.239,11.676,
58.183,11.467,
58.117,11.35,
57.721,12.94,
57.7,13.017,
57.507,12.695,
57.495,13.111,
57.817,13.017,
57.533,13.35,
57.483,13.35,
57.633,12.833,
57.717,13.083,
57.669,12.573,
57.71,12.792,
57.715,12.835,
57.35,12.467,
58.173,13.551,
58.18,13.958,
57.792,13.414,
58.077,13.027,
58.505,13.158,
58.387,13.438,
58.528,13.495,
58.262,12.954,
58.391,13.845,
58.71,13.824,
58.425,14.162,
58.301,14.288,
58.707,14.126,
58.537,14.505,
58.986,14.096,
58.867,14.183,
58.567,14.0,
59.051,12.705,
59.029,12.232,
58.913,11.925,
59.379,13.504,
59.132,12.929,
59.323,13.466,
59.347,13.109,
59.507,13.314,
59.525,13.481,
59.6,13.467,
59.655,12.585,
59.392,12.133,
59.884,12.304,
59.31,14.108,
59.712,14.168,
60.024,13.672,
59.839,13.544,
60.135,13.008,
59.838,13.143,
59.327,14.524,
59.128,15.143,
59.238,14.431,
59.066,15.112,
58.986,14.619,
58.88,14.902,
59.067,15.333,
59.274,15.207,
59.592,15.23,
59.784,14.522,
59.519,15.04,
59.876,14.994,
59.167,15.533,
59.174,14.872,
59.467,15.367,
59.616,16.553,
59.514,15.993,
59.394,15.839,
59.92,16.607,
59.614,16.229,
59.567,16.25,
59.707,16.222,
59.422,16.097,
60.004,15.793,
60.065,15.924,
59.83,15.693,
59.933,16.95,
59.938,16.862,
59.783,16.933,
60.15,15.188,
60.083,14.983,
60.145,16.168,
60.283,15.817,
60.28,15.989,
60.142,15.414,
60.486,15.437,
60.683,13.715,
60.348,15.751,
60.604,15.626,
61.007,14.543,
60.733,15.002,
61.12,14.616,
60.886,15.118,
61.228,14.039,
60.675,17.142,
60.717,16.6,
60.617,16.767,
60.65,16.533,
60.583,16.533,
60.517,16.483,
60.546,16.287,
60.891,16.718,
60.95,17.133,
60.617,16.883,
60.65,17.033,
61.367,16.6,
61.348,16.395,
61.347,16.075,
61.267,16.633,
61.233,16.567,
61.729,17.104,
61.546,17.011,
61.644,17.083,
61.304,17.059,
61.829,16.091,
61.377,15.818,
62.525,15.659,
62.391,17.306,
62.487,17.326,
62.294,17.375,
62.458,17.349,
62.35,17.033,
62.449,17.405,
62.632,17.938,
62.932,17.776,
63.0,17.683,
63.167,17.267,
63.183,17.067,
63.291,18.715,
63.25,18.717,
63.2,18.5,
63.3,18.6,
63.447,18.11,
63.179,14.636,
63.183,14.533,
63.852,15.556,
63.076,14.832,
63.326,14.449,
62.917,14.517,
62.034,14.366,
59.333,18.052,
58.98,17.937,
59.608,17.858,
59.607,17.858,
55.571,13.067,
56.645,25.121,
56.922,27.505,
56.991,27.676,
56.874,27.645,
56.954,27.733,
56.97,27.698,
56.929,27.572,
56.992,27.65,
56.902,27.627,
56.93,27.642,
56.753,27.699,
56.944,27.644,
56.96,27.678,
56.949,27.595,
56.647,27.268,
56.587,27.151,
56.839,27.369,
56.902,27.564,
56.89,27.622,
57.41,27.441,
56.986,27.696,
57.084,25.74,
56.891,27.544,
56.915,27.627,
56.939,27.546,
56.864,27.611,
56.681,24.246,
56.598,24.208,
56.565,24.167,
56.662,24.35,
56.597,24.229,
56.617,24.083,
56.537,24.197,
57.312,25.275,
57.234,25.041,
55.977,26.643,
55.908,26.619,
56.499,25.857,
56.526,25.881,
56.65,23.713,
56.968,23.77,
56.982,21.559,
56.981,21.635,
56.505,21.011,
56.816,24.614,
56.51,27.34,
56.946,24.106,
57.488,22.718,
57.542,22.71,
57.507,22.698,
57.459,22.883,
57.571,22.654,
57.502,22.809,
57.651,22.574,
57.668,22.57,
57.41,22.947,
57.385,23.016,
57.335,23.125,
57.333,23.059,
57.314,23.031,
57.541,25.427,
57.65,25.751,
57.395,21.561,
57.09,24.469,
57.095,24.366,
57.045,24.419,
57.113,24.272,
57.079,24.159,
57.188,24.341,
57.128,24.312,
57.108,24.199,
57.124,24.256,
57.129,24.284,
57.102,24.211,
57.121,24.235,
57.146,24.292,
57.038,24.315,
57.063,24.339,
57.057,24.346,
57.071,24.337,
57.073,24.424,
57.068,24.27,
56.876,24.118,
56.925,24.124,
56.89,24.055,
56.919,23.953,
56.875,23.939,
56.882,24.051,
56.905,24.051,
56.795,23.936,
57.014,24.274,
57.019,24.214,
57.017,24.309,
57.019,24.264,
56.986,24.299,
56.878,24.266,
56.924,24.383,
56.922,24.419,
56.919,24.364,
56.947,24.354,
56.922,24.378,
56.944,24.242,
56.936,24.304,
56.942,24.3,
56.915,24.602,
56.985,24.445,
56.944,24.484,
56.962,24.427,
56.949,24.451,
56.959,24.555,
56.865,24.426,
56.97,24.479,
56.927,24.644,
56.957,24.684,
56.975,24.633,
57.013,24.622,
56.939,24.612,
56.941,24.613,
56.923,24.672,
57.05,24.439,
57.007,24.331,
56.987,24.338,
57.157,24.704,
57.017,24.394,
57.146,24.663,
57.153,24.643,
57.2,24.594,
57.133,24.664,
57.287,24.487,
57.258,24.415,
57.261,24.594,
56.96,24.921,
56.994,24.913,
57.01,24.958,
43.933,12.45,
43.927,12.451,
43.92,12.451,
43.982,12.495,
43.983,12.5,
43.98,12.491,
43.95,12.417,
43.95,12.407,
43.942,12.447,
43.917,12.417,
43.953,12.47,
43.933,12.5,
43.9,12.45,
43.9,12.5,
43.95,12.5,
43.958,12.477,
48.059,125.308,
31.222,121.458,
25.237,99.251,
-51.75,-59.167,
64.135,-21.895,
64.153,-21.995,
63.982,-22.385,
64.112,-21.913,
64.089,-21.923,
64.067,-21.938,
64.1,-22.017,
63.998,-22.561,
63.839,-22.439,
64.038,-22.708,
64.07,-22.651,
64.167,-21.7,
64.322,-22.075,
64.538,-21.921,
64.664,-21.291,
65.075,-22.73,
64.924,-23.263,
64.894,-23.709,
64.914,-23.412,
64.918,-23.886,
65.109,-21.764,
65.446,-22.19,
65.483,-22.367,
66.075,-23.135,
66.111,-23.12,
66.159,-23.249,
66.038,-22.986,
66.051,-23.515,
66.13,-23.528,
65.598,-23.996,
65.626,-23.825,
65.685,-23.6,
65.879,-23.493,
65.144,-21.059,
65.708,-21.671,
65.689,-21.444,
65.397,-20.944,
65.659,-20.281,
65.823,-20.302,
65.746,-19.639,
65.553,-19.446,
65.899,-19.413,
66.054,-19.128,
66.152,-18.908,
65.683,-18.088,
65.951,-18.175,
66.539,-18.014,
65.97,-18.529,
66.002,-18.567,
66.067,-18.644,
65.978,-18.378,
66.041,-17.338,
65.722,-17.373,
65.642,-16.912,
66.302,-16.445,
66.454,-15.951,
66.198,-15.337,
66.038,-14.793,
65.757,-14.828,
65.267,-14.395,
65.26,-14.006,
65.525,-13.804,
65.032,-14.218,
65.073,-14.015,
65.148,-13.684,
64.931,-14.019,
64.833,-13.875,
64.792,-14.007,
64.657,-14.285,
64.254,-15.212,
63.933,-20.997,
64.0,-21.186,
63.856,-21.383,
63.863,-21.149,
63.838,-21.059,
64.218,-20.734,
64.134,-20.323,
63.835,-20.401,
63.751,-20.224,
63.419,-19.01,
63.789,-18.053,
63.443,-20.273,
-31.081,-56.005,
-30.741,-57.63,
-30.705,-56.163,
-30.588,-56.736,
-30.4,-56.467,
-30.637,-56.769,
-30.474,-56.668,
-30.61,-56.908,
-30.524,-56.353,
-30.427,-56.466,
-30.789,-56.782,
-30.464,-56.507,
-30.719,-57.326,
-30.298,-56.971,
-30.907,-57.19,
-30.874,-56.66,
-30.295,-56.822,
-30.699,-56.585,
-30.127,-57.088,
-30.851,-56.34,
-30.433,-56.785,
-30.567,-56.883,
-30.683,-57.517,
-30.75,-57.057,
-30.432,-56.457,
-30.989,-56.87,
-30.516,-56.423,
-30.364,-57.643,
-30.374,-57.664,
-30.262,-57.582,
-30.298,-57.611,
-30.377,-57.618,
-30.468,-57.616,
-30.26,-57.599,
-30.665,-57.789,
-30.584,-57.678,
-30.387,-57.615,
-30.429,-57.436,
-30.225,-57.568,
-30.214,-57.613,
-34.847,-56.01,
-34.858,-56.009,
-34.838,-55.973,
-34.86,-56.052,
-34.877,-56.03,
-34.846,-55.998,
-34.815,-56.024,
-34.838,-55.983,
-34.787,-55.859,
-34.777,-55.84,
-34.788,-55.88,
-34.78,-55.842,
-34.774,-55.824,
-34.771,-55.808,
-34.765,-55.738,
-34.762,-55.759,
-34.745,-55.764,
-34.772,-55.758,
-34.768,-55.776,
-34.663,-55.83,
-34.735,-55.686,
-34.741,-55.703,
-34.756,-55.681,
-34.771,-55.641,
-34.759,-55.721,
-34.762,-55.658,
-34.774,-55.516,
-34.777,-55.576,
-34.789,-55.536,
-34.791,-55.499,
-34.792,-55.514,
-34.699,-55.519,
-34.793,-55.454,
-34.786,-55.425,
-34.742,-55.519,
-34.78,-55.565,
-34.769,-55.591,
-34.795,-55.483,
-34.763,-56.015,
-34.735,-56.035,
-34.791,-55.996,
-34.67,-55.965,
-34.695,-55.857,
-34.697,-55.893,
-34.69,-55.802,
-34.684,-55.702,
-34.701,-55.965,
-34.72,-55.88,
-34.686,-55.966,
-34.717,-55.958,
-34.408,-56.739,
-34.738,-56.095,
-33.614,-56.689,
-34.717,-56.074,
-31.387,-57.9,
-34.809,-55.93,
-34.794,-55.914,
-34.82,-55.952,
-34.829,-55.964,
-34.795,-55.889,
-34.689,-56.18,
-34.642,-56.241,
-34.667,-56.218,
-34.698,-56.218,
-34.624,-56.255,
-34.76,-56.226,
-34.703,-55.888,
-34.73,-56.219,
-34.615,-55.421,
-34.522,-56.255,
-34.436,-56.378,
-33.6,-57.133,
-34.488,-56.152,
-34.523,-56.278,
-34.594,-56.253,
-34.494,-56.279,
-34.672,-56.354,
-34.5,-56.383,
-34.533,-56.317,
-34.689,-56.333,
-34.621,-56.452,
-34.633,-56.333,
-34.599,-56.476,
-34.637,-56.356,
-34.608,-56.467,
-34.758,-56.291,
-34.605,-56.356,
-34.242,-57.221,
-34.453,-56.391,
-33.182,-54.226,
-34.275,-56.112,
-34.383,-56.383,
-34.399,-56.282,
-34.522,-56.394,
-34.4,-56.333,
-34.292,-55.956,
-34.343,-56.514,
-34.45,-55.783,
-34.138,-57.8,
-34.44,-55.959,
-34.447,-56.114,
-34.442,-56.148,
-34.451,-56.08,
-34.521,-56.049,
-34.498,-56.038,
-34.543,-56.06,
-34.628,-55.818,
-34.6,-56.133,
-34.671,-54.423,
-34.635,-55.963,
-34.571,-56.082,
-34.715,-56.073,
-34.661,-55.993,
-33.925,-56.042,
-34.61,-55.815,
-34.568,-55.751,
-34.567,-55.979,
-34.443,-55.892,
-34.545,-55.871,
-34.487,-55.626,
-34.488,-55.628,
-34.524,-55.625,
-34.493,-55.562,
-34.343,-55.764,
-34.093,-55.907,
-33.183,-56.812,
-34.283,-55.233,
-34.05,-56.2,
-34.333,-55.65,
-34.367,-55.783,
-34.241,-55.917,
-34.222,-55.73,
-34.208,-55.732,
-32.633,-55.117,
-32.85,-55.072,
-33.0,-55.133,
-32.833,-54.767,
-32.529,-54.521,
-32.517,-54.683,
-32.5,-54.017,
-32.517,-54.533,
-32.367,-54.767,
-32.617,-54.6,
-32.5,-54.417,
-32.683,-54.633,
-32.752,-54.632,
-32.033,-54.183,
-31.833,-54.167,
-34.433,-57.717,
-33.8,-54.0,
-32.2,-54.067,
-32.35,-54.133,
-32.433,-56.35,
-32.167,-54.117,
-31.867,-54.2,
-32.017,-54.2,
-32.633,-53.9,
-33.933,-55.683,
-31.783,-54.333,
-34.861,-54.943,
-32.383,-54.667,
-32.117,-54.067,
-32.37,-54.167,
-32.15,-54.2,
-34.381,-56.538,
-32.383,-54.35,
-34.615,-54.151,
-31.9,-54.15,
-32.65,-54.25,
-33.02,-53.575,
-33.89,-53.526,
-32.598,-53.386,
-32.75,-53.733,
-32.483,-53.517,
-32.633,-53.3,
-32.483,-53.717,
-34.303,-53.848,
-31.944,-55.727,
-32.467,-55.233,
-33.098,-56.016,
-34.35,-57.85,
-34.328,-57.704,
-34.421,-57.595,
-34.182,-57.921,
-34.437,-57.64,
-34.219,-57.931,
-34.165,-58.034,
-34.424,-57.602,
-34.284,-57.828,
-34.883,-56.183,
-33.933,-57.467,
-34.245,-57.876,
-34.367,-57.567,
-34.134,-57.979,
-34.426,-57.83,
-34.4,-57.667,
-34.329,-57.723,
-34.336,-57.691,
-34.463,-57.84,
-34.377,-57.842,
-34.084,-57.996,
-34.43,-57.73,
-33.99,-58.15,
-34.077,-58.133,
-33.964,-58.331,
-34.0,-58.284,
-34.017,-58.153,
-34.059,-58.192,
-33.964,-58.289,
-33.981,-58.282,
-33.929,-58.198,
-34.161,-58.207,
-34.013,-58.278,
-34.233,-57.36,
-34.26,-57.456,
-33.978,-57.179,
-34.275,-57.335,
-34.331,-57.351,
-34.122,-57.372,
-34.248,-57.41,
-34.317,-57.35,
-34.22,-57.478,
-34.348,-57.31,
-34.398,-56.966,
-34.747,-55.4,
-34.443,-57.169,
-34.437,-57.193,
-34.194,-57.108,
-34.4,-57.167,
-34.3,-57.233,
-34.436,-57.297,
-34.4,-57.333,
-34.34,-57.263,
-34.413,-57.397,
-34.434,-57.335,
-34.385,-57.402,
-34.419,-57.453,
-34.204,-57.799,
-34.2,-57.783,
-34.127,-57.676,
-34.147,-57.589,
-34.173,-57.673,
-34.241,-57.55,
-34.266,-57.619,
-33.822,-57.02,
-33.909,-58.381,
-33.881,-58.348,
-33.87,-58.408,
-33.833,-58.328,
-33.878,-58.276,
-34.102,-57.936,
-34.111,-57.663,
-34.066,-57.723,
-34.829,-56.139,
-33.938,-57.81,
-34.007,-57.648,
-34.106,-57.852,
-34.036,-57.956,
-34.038,-58.064,
-34.033,-57.902,
-33.914,-57.228,
-33.733,-57.4,
-33.878,-57.372,
-32.867,-56.467,
-32.841,-56.453,
-33.5,-55.217,
-32.792,-57.476,
-31.917,-55.933,
-32.75,-55.65,
-33.083,-56.183,
-32.833,-55.483,
-33.383,-56.417,
-32.933,-55.517,
-32.9,-56.133,
-32.767,-55.433,
-32.533,-55.5,
-33.381,-56.524,
-32.883,-55.417,
-32.6,-55.583,
-33.333,-56.467,
-33.25,-56.017,
-34.772,-55.857,
-32.883,-55.517,
-33.3,-56.35,
-32.767,-55.633,
-33.367,-56.483,
-32.867,-55.917,
-32.783,-55.9,
-33.117,-55.983,
-32.717,-55.6,
-32.877,-56.813,
-32.544,-56.866,
-33.05,-56.483,
-32.8,-55.8,
-32.667,-55.45,
-33.42,-55.421,
-33.35,-55.633,
-34.041,-54.777,
-33.183,-55.7,
-33.559,-56.904,
-33.539,-56.889,
-33.67,-56.947,
-33.961,-57.09,
-33.5,-56.75,
-33.578,-57.11,
-33.168,-57.129,
-33.462,-57.025,
-33.522,-57.05,
-33.85,-56.883,
-33.432,-56.971,
-33.765,-57.154,
-32.333,-55.883,
-33.884,-56.838,
-33.261,-57.077,
-33.733,-56.333,
-33.726,-56.799,
-33.333,-56.933,
-33.233,-57.133,
-33.522,-56.524,
-33.75,-56.467,
-33.467,-55.2,
-33.194,-55.317,
-33.483,-55.15,
-33.267,-55.1,
-33.93,-56.239,
-34.141,-56.423,
-34.147,-56.281,
-34.097,-56.185,
-34.05,-55.883,
-34.91,-56.178,
-34.096,-56.214,
-34.058,-56.367,
-34.067,-56.3,
-32.372,-57.609,
-33.6,-56.35,
-33.883,-56.45,
-33.483,-56.15,
-33.835,-56.307,
-34.166,-56.401,
-34.189,-56.339,
-34.178,-56.37,
-34.291,-56.389,
-34.352,-56.398,
-34.412,-56.402,
-34.274,-56.358,
-34.237,-56.217,
-34.194,-55.734,
-34.1,-55.648,
-33.991,-55.647,
-33.862,-55.543,
-33.517,-56.4,
-33.467,-55.617,
-33.483,-55.567,
-33.417,-55.633,
-32.917,-54.967,
-33.55,-55.667,
-34.06,-54.506,
-34.065,-55.047,
-33.726,-54.624,
-33.634,-53.806,
-33.875,-55.122,
-34.34,-55.393,
-34.882,-54.977,
-33.935,-54.586,
-34.344,-55.282,
-33.733,-54.75,
-33.876,-54.72,
-34.376,-55.238,
-33.75,-55.283,
-34.432,-55.302,
-34.471,-55.286,
-34.318,-54.984,
-34.311,-55.476,
-33.898,-55.167,
-34.331,-55.25,
-34.395,-55.299,
-34.206,-55.362,
-34.192,-55.161,
-34.333,-55.45,
-34.191,-55.345,
-34.392,-54.985,
-34.366,-55.448,
-34.599,-55.468,
-33.653,-54.455,
-33.617,-54.57,
-34.779,-55.236,
-33.638,-54.62,
-33.622,-54.543,
-33.533,-54.6,
-33.42,-54.388,
-33.455,-54.536,
-33.61,-54.33,
-33.517,-54.917,
-33.467,-55.117,
-31.767,-56.017,
-33.6,-55.333,
-33.383,-55.083,
-34.478,-55.531,
-34.916,-54.864,
-34.847,-55.032,
-34.844,-54.953,
-34.888,-55.039,
-34.874,-55.089,
-34.892,-54.972,
-34.865,-54.756,
-34.673,-55.038,
-34.947,-54.934,
-34.903,-54.87,
-34.873,-55.14,
-34.631,-55.056,
-34.843,-54.945,
-34.579,-55.059,
-34.854,-55.129,
-34.888,-54.793,
-34.9,-54.95,
-34.85,-54.699,
-34.94,-54.943,
-34.904,-54.826,
-34.869,-55.115,
-34.822,-54.622,
-34.902,-54.813,
-34.798,-55.491,
-34.815,-55.327,
-34.802,-55.357,
-34.837,-55.3,
-34.889,-55.217,
-34.863,-55.275,
-34.827,-55.315,
-34.793,-55.38,
-34.901,-55.26,
-34.85,-55.302,
-34.885,-55.269,
-34.853,-55.27,
-34.766,-55.365,
-34.765,-55.255,
-34.754,-55.319,
-34.747,-55.397,
-34.718,-55.262,
-34.534,-54.904,
-34.791,-54.918,
-34.74,-54.986,
-34.421,-54.587,
-34.764,-54.967,
-34.719,-54.961,
-34.591,-54.545,
-34.736,-55.024,
-34.844,-54.637,
-34.798,-54.893,
-34.205,-54.757,
-33.558,-53.858,
-34.167,-54.667,
-34.109,-54.522,
-34.262,-54.726,
-33.897,-54.321,
-34.093,-54.491,
-34.63,-55.375,
-34.908,-56.208,
-34.905,-56.194,
-34.912,-56.189,
-34.911,-56.167,
-34.905,-56.168,
-34.91,-56.152,
-34.923,-56.16,
-34.881,-56.117,
-34.891,-56.099,
-34.871,-56.134,
-34.893,-56.082,
-34.875,-56.067,
-34.885,-56.061,
-34.894,-56.144,
-34.887,-56.154,
-34.9,-56.133,
-34.852,-56.188,
-34.86,-56.185,
-34.864,-56.176,
-34.865,-56.19,
-34.886,-56.176,
-34.896,-56.168,
-34.891,-56.189,
-34.874,-56.17,
-34.887,-56.168,
-34.85,-56.217,
-34.85,-56.233,
-34.865,-56.234,
-34.855,-56.228,
-34.867,-56.133,
-34.883,-56.15,
-34.85,-56.117,
-34.871,-56.106,
-34.57,-56.081,
-34.817,-56.1,
-34.739,-56.107,
-34.812,-56.164,
-34.821,-56.312,
-34.833,-56.233,
-32.083,-56.31,
-31.877,-56.244,
-31.348,-57.121,
-31.633,-57.696,
-31.662,-57.72,
-31.66,-57.888,
-32.526,-57.969,
-32.367,-57.859,
-32.158,-57.651,
-32.358,-58.034,
-32.269,-57.316,
-31.879,-57.477,
-32.123,-57.642,
-31.943,-57.183,
-32.397,-58.161,
-31.883,-57.483,
-32.077,-57.917,
-31.98,-57.432,
-32.092,-57.612,
-32.0,-57.3,
-32.321,-58.076,
-31.959,-57.513,
-32.38,-57.517,
-32.393,-57.97,
-32.465,-57.808,
-31.863,-57.54,
-32.207,-58.007,
-32.27,-58.077,
-32.1,-57.817,
-31.863,-57.343,
-32.486,-57.745,
-31.899,-57.263,
-32.046,-57.416,
-31.523,-56.604,
-32.333,-58.133,
-31.984,-57.485,
-31.971,-57.56,
-32.352,-56.909,
-32.327,-57.049,
-32.216,-56.457,
-32.34,-56.546,
-32.358,-57.198,
-32.315,-57.053,
-32.634,-57.417,
-31.935,-57.901,
-32.414,-57.578,
-32.475,-57.556,
-32.396,-57.571,
-32.633,-56.735,
-32.61,-56.753,
-32.637,-56.891,
-32.733,-56.949,
-32.588,-57.842,
-32.475,-58.147,
-32.385,-56.904,
-32.52,-57.159,
-32.421,-57.389,
-32.693,-57.975,
-32.665,-58.133,
-33.088,-58.238,
-33.164,-58.358,
-32.977,-58.052,
-33.122,-58.303,
-32.817,-56.517,
-32.555,-57.388,
-32.764,-57.884,
-32.647,-57.257,
-32.698,-57.627,
-32.75,-57.75,
-32.814,-57.755,
-32.558,-57.485,
-32.748,-57.802,
-32.905,-57.732,
-32.945,-57.553,
-32.815,-57.044,
-33.733,-57.833,
-32.56,-57.376,
-33.233,-58.038,
-31.714,-55.723,
-31.0,-55.683,
-31.5,-54.717,
-30.905,-55.551,
-31.317,-55.2,
-31.25,-55.333,
-31.1,-55.667,
-31.517,-54.967,
-31.3,-55.867,
-31.2,-55.75,
-31.974,-55.872,
-30.933,-55.55,
-31.1,-55.983,
-31.233,-55.633,
-31.25,-55.95,
-31.81,-55.516,
-32.617,-55.833,
-31.433,-55.233,
-31.45,-55.417,
-31.717,-55.333,
-32.35,-55.833,
-31.471,-55.154,
-31.583,-55.467,
-32.833,-56.183,
-31.683,-55.433,
-31.5,-55.167,
-31.533,-55.583,
-31.55,-55.55,
-31.75,-55.017,
-32.151,-54.689,
-31.683,-54.65,
-33.1,-55.133,
-31.817,-54.667,
-31.683,-54.767,
-32.05,-54.633,
-31.633,-55.0,
-31.783,-54.75,
-31.8,-54.717,
-33.517,-53.783,
-31.767,-54.8,
-31.817,-55.183,
-31.367,-55.667,
-34.363,-54.067,
-34.534,-54.621,
-34.483,-54.333,
-34.596,-54.416,
-34.643,-54.502,
-34.221,-54.316,
-34.59,-54.173,
-34.545,-54.319,
-34.545,-54.327,
-33.761,-53.524,
-33.682,-53.553,
-33.849,-53.484,
-33.698,-53.459,
-33.749,-53.379,
-33.774,-53.409,
-33.895,-53.529,
-33.885,-53.521,
-34.199,-53.859,
-34.215,-53.816,
-34.157,-53.698,
-34.046,-53.541,
-34.266,-53.935,
-34.198,-53.787,
-34.336,-53.796,
-34.209,-53.849,
-34.275,-53.782,
-34.2,-53.933,
-33.983,-53.983,
-34.402,-53.783,
-33.267,-53.794,
-33.672,-54.206,
-33.603,-53.717,
-33.826,-54.195,
-34.036,-54.281,
-34.588,-54.424,
-34.629,-54.153,
-34.578,-54.12,
-34.637,-54.16,
-34.592,-54.123,
-34.663,-54.164,
-34.442,-56.443,
-34.548,-54.079,
-31.282,-57.2,
-31.29,-57.943,
-31.102,-57.064,
-31.383,-57.967,
-31.367,-57.792,
-31.25,-57.2,
-31.119,-56.878,
-31.399,-56.744,
-31.286,-57.705,
-31.178,-56.368,
-31.416,-58.0,
-30.948,-57.521,
-31.453,-57.908,
-31.032,-56.632,
-31.127,-56.663,
-31.333,-57.412,
-31.081,-57.609,
-31.454,-56.387,
-31.3,-57.067,
-31.273,-57.157,
-31.499,-57.526,
-31.65,-56.833,
-31.351,-57.759,
-31.139,-57.521,
-31.276,-57.124,
-31.599,-56.811,
-31.497,-57.133,
-31.517,-57.583,
-31.084,-56.687,
-31.108,-57.529,
-30.988,-56.215,
-31.027,-56.561,
-31.237,-56.762,
-31.35,-56.633,
-31.56,-57.614,
-31.094,-57.023,
-31.339,-57.827,
-31.438,-56.838,
-31.102,-56.956,
-31.4,-57.783,
-31.073,-57.789,
-31.069,-57.849,
-30.956,-57.845,
-30.787,-57.776,
-30.807,-57.774,
-34.337,-56.714,
-34.2,-56.983,
-34.229,-56.874,
-34.249,-56.726,
-34.173,-56.552,
-34.147,-56.953,
-34.34,-56.663,
-33.934,-56.756,
-34.317,-57.0,
-34.25,-56.683,
-34.312,-56.904,
-34.167,-56.683,
-34.217,-57.0,
-34.133,-56.4,
-34.515,-56.761,
-34.503,-56.835,
-34.323,-56.804,
-34.582,-56.509,
-34.586,-56.701,
-34.635,-56.617,
-34.589,-56.526,
-34.531,-56.619,
-32.769,-55.832,
-31.667,-56.633,
-34.523,-56.797,
-34.442,-57.148,
-34.395,-57.057,
-34.407,-56.988,
-34.371,-57.044,
-34.358,-57.049,
-34.382,-56.532,
-34.4,-56.533,
-34.365,-56.532,
-34.767,-56.384,
-33.985,-56.984,
-34.437,-56.465,
-34.42,-56.425,
-33.828,-57.791,
-33.883,-57.667,
-33.717,-58.267,
-33.81,-58.267,
-33.767,-58.35,
-33.183,-57.467,
-33.333,-57.95,
-33.045,-57.872,
-33.324,-57.618,
-33.113,-57.633,
-33.062,-57.461,
-33.327,-58.038,
-33.25,-57.333,
-33.252,-58.031,
-33.101,-57.757,
-33.398,-58.322,
-33.583,-58.083,
-33.554,-58.211,
-33.664,-57.837,
-33.829,-58.023,
-33.565,-58.426,
-33.422,-58.303,
-33.617,-58.283,
-33.431,-58.134,
-33.699,-58.109,
-33.53,-58.217,
-33.87,-57.37,
-33.622,-57.573,
-33.383,-57.55,
-33.602,-57.627,
-33.72,-57.261,
-33.65,-57.533,
-33.794,-57.551,
-33.791,-57.488,
-33.793,-57.52,
-33.75,-57.617,
-33.46,-56.888,
-33.696,-57.532,
-33.45,-57.733,
-33.52,-56.417,
-33.507,-57.801,
-31.52,-56.077,
-32.033,-55.783,
-31.883,-55.433,
-32.183,-55.033,
-32.183,-55.283,
-32.167,-55.95,
-31.817,-55.5,
-31.883,-56.0,
-32.403,-56.181,
-31.721,-56.014,
-32.15,-54.95,
-31.8,-55.7,
-31.917,-56.017,
-32.177,-55.014,
-31.8,-55.333,
-31.833,-55.983,
-32.167,-55.017,
-32.15,-56.117,
-31.612,-56.173,
-31.666,-55.964,
-32.233,-55.733,
-32.1,-54.867,
-32.45,-55.033,
-31.517,-55.767,
-31.7,-56.1,
-31.6,-55.85,
-32.217,-55.6,
-32.233,-54.967,
-31.75,-56.067,
-31.822,-56.175,
-32.15,-54.883,
-31.833,-55.767,
-32.05,-55.383,
-31.808,-55.979,
-31.694,-56.038,
-32.25,-55.75,
-32.217,-56.017,
-32.033,-55.667,
-31.75,-55.467,
-32.383,-55.067,
-32.3,-55.333,
-32.5,-56.033,
-31.767,-56.25,
-31.852,-55.925,
-32.0,-55.483,
-31.817,-55.917,
-31.3,-56.017,
-31.563,-56.048,
-32.083,-55.65,
-31.517,-55.967,
-31.983,-55.683,
-31.717,-55.981,
-31.817,-56.266,
-31.817,-56.176,
-31.877,-55.977,
-32.017,-55.067,
-32.617,-56.483,
-32.8,-56.417,
-32.633,-56.35,
-32.457,-56.307,
-32.37,-55.857,
-31.817,-55.217,
-32.45,-56.033,
-32.467,-56.167,
-33.343,-54.26,
-33.4,-54.683,
-33.414,-54.593,
-33.0,-53.906,
-32.933,-53.95,
-33.017,-53.7,
-33.05,-54.067,
-33.15,-54.15,
-33.253,-54.419,
-33.116,-54.339,
-33.233,-54.383,
-32.75,-54.4,
-33.291,-53.901,
-34.458,-54.297,
-33.245,-53.844,
-33.05,-54.15,
-32.95,-54.217,
-31.733,-54.417,
-33.158,-54.439,
-32.983,-54.583,
-33.173,-54.622,
-33.317,-53.982,
-32.933,-54.267,
-32.783,-53.833,
-1.262,36.79,
-1.595,36.651,
-1.17,36.854,
-1.357,36.742,
-1.333,36.716,
-1.382,36.767,
-1.297,36.849,
-1.286,36.74,
-1.319,36.843,
-1.257,36.904,
-1.325,36.791,
-1.276,36.914,
-1.255,36.928,
-1.307,36.91,
-1.296,36.872,
-1.309,36.78,
-1.256,36.795,
-1.233,36.815,
-1.278,36.775,
-1.273,36.847,
-1.263,36.858,
-1.255,36.818,
-1.283,36.717,
-1.254,36.882,
-1.244,36.881,
-1.253,36.835,
-1.264,36.771,
-1.258,36.798,
-1.27,36.744,
-1.267,36.808,
-1.154,36.789,
-0.951,37.05,
-0.704,36.844,
0.944,34.846,
0.714,35.518,
-0.437,34.658,
-0.936,34.417,
-1.145,34.536,
-0.619,34.981,
-0.017,34.335,
-0.044,34.261,
0.1,34.751,
0.376,34.188,
0.229,34.154,
0.415,34.243,
-0.125,37.924,
-3.437,38.416,
-4.342,39.433,
-1.818,37.537,
-1.488,38.137,
-0.758,38.174,
0.052,35.727,
-0.022,35.961,
0.012,36.096,
-0.02,35.691,
0.125,35.599,
0.369,35.435,
0.492,35.743,
0.63,35.796,
0.383,35.8,
0.471,35.986,
0.948,36.016,
0.311,35.801,
0.624,36.028,
0.553,35.788,
0.683,35.819,
0.946,35.886,
-0.577,35.312,
-0.781,35.342,
-0.967,35.191,
-0.859,35.393,
-0.84,35.095,
-0.919,35.299,
-0.803,35.485,
-0.596,35.237,
-0.617,35.375,
-0.899,35.083,
-0.719,35.291,
-0.662,35.312,
-0.739,35.251,
-0.613,35.323,
-0.784,35.402,
-0.854,35.273,
-0.73,35.346,
-0.895,35.211,
-0.827,35.277,
0.356,34.695,
0.564,34.561,
0.714,34.627,
0.762,34.548,
0.852,34.702,
0.788,34.716,
0.6,34.771,
0.71,34.663,
0.717,34.756,
0.755,34.504,
0.677,34.422,
0.558,34.637,
0.454,34.519,
0.661,34.754,
0.565,34.39,
0.656,34.815,
0.612,34.656,
0.887,34.769,
0.718,34.746,
0.615,34.713,
0.632,34.328,
0.46,34.112,
0.225,34.022,
0.566,34.273,
0.304,34.202,
0.338,34.336,
0.279,34.119,
0.458,34.254,
0.098,33.972,
0.361,34.401,
0.228,34.088,
0.36,34.17,
0.471,34.316,
0.894,35.575,
-0.924,36.937,
-0.54,37.457,
-0.535,37.603,
-0.453,37.789,
-0.423,37.57,
-0.577,37.64,
-0.75,37.417,
-0.465,37.721,
-0.471,37.506,
-0.44,37.532,
-0.695,37.794,
-0.445,37.435,
-0.688,37.648,
-0.521,37.557,
-0.469,37.652,
-0.382,37.516,
-0.622,37.535,
-0.477,37.441,
-0.4,37.503,
-0.412,37.586,
-0.453,39.646,
-0.628,39.996,
0.052,40.309,
-0.51,34.731,
-0.447,34.891,
-0.446,34.93,
-0.527,34.457,
-0.362,34.653,
-0.732,34.368,
-0.6,34.584,
-0.43,34.553,
-0.425,34.207,
-0.502,34.51,
-0.28,34.983,
-0.541,34.169,
-0.62,34.615,
-0.396,34.771,
-0.479,34.546,
-0.7,34.386,
-0.495,34.727,
-0.485,34.62,
-0.434,34.984,
-0.429,34.691,
-0.723,34.059,
-0.513,34.417,
0.355,37.582,
0.711,38.124,
1.067,38.666,
-1.901,36.287,
-1.427,36.687,
-1.19,36.764,
-1.476,36.961,
-1.395,36.764,
-1.852,36.777,
-2.098,36.794,
-2.104,37.129,
-2.018,36.9,
-0.464,36.183,
0.115,34.487,
0.284,34.752,
0.207,34.49,
0.335,34.488,
0.447,34.854,
0.209,34.771,
0.221,34.623,
0.319,34.574,
0.224,34.808,
0.65,34.85,
0.437,34.514,
0.251,34.943,
0.302,34.723,
0.197,34.697,
0.373,34.911,
0.422,34.425,
0.334,34.813,
0.238,34.553,
0.36,34.624,
0.362,34.623,
0.219,34.444,
0.395,34.667,
0.463,34.763,
0.39,34.757,
0.301,34.623,
0.171,34.595,
0.563,34.806,
0.607,34.847,
0.607,34.965,
0.057,34.715,
0.082,34.736,
-0.368,35.283,
-0.444,35.137,
-0.2,35.467,
-0.166,35.594,
-0.505,35.099,
-0.363,35.172,
-0.332,35.29,
-0.406,35.228,
-0.205,35.343,
-0.583,35.19,
-0.32,35.218,
-0.478,35.156,
-0.379,35.129,
-0.63,35.194,
-0.579,35.144,
-0.376,35.062,
-0.221,35.557,
-0.422,35.105,
-0.044,35.534,
-0.316,35.377,
-0.818,35.298,
-1.3,36.99,
-1.114,36.642,
-1.17,36.669,
-1.176,36.756,
-1.056,36.658,
-1.04,36.639,
-1.004,36.745,
-0.904,36.636,
-1.189,36.669,
-1.144,36.601,
-1.194,36.746,
-1.147,36.961,
-1.261,36.834,
-1.171,36.836,
-1.092,36.866,
-1.246,36.663,
-1.108,36.792,
-0.989,36.918,
-1.117,37.02,
-0.9,36.85,
-0.95,36.883,
-1.004,36.92,
-0.927,36.861,
-0.978,37.02,
-0.984,36.965,
-1.05,36.9,
-3.814,39.631,
-3.631,39.85,
-3.939,39.749,
-3.863,39.475,
-3.92,39.65,
-3.815,39.813,
-3.218,40.117,
-3.353,40.021,
-3.544,39.693,
-3.037,40.138,
-3.042,40.015,
-3.305,40.012,
-3.17,39.863,
-3.541,39.523,
-3.364,39.71,
-2.998,40.188,
-3.121,40.16,
-0.668,37.209,
-0.499,37.28,
-0.553,37.299,
-0.55,37.246,
-0.684,37.357,
-0.575,37.327,
-0.625,37.255,
-0.473,37.237,
-0.467,37.391,
-0.622,37.365,
-0.527,37.337,
-0.431,37.31,
-0.555,37.38,
-0.682,34.767,
-0.87,34.906,
-0.798,34.755,
-0.855,34.828,
-0.801,34.726,
-0.678,34.707,
-0.793,34.644,
-0.902,34.661,
-0.805,34.805,
-0.756,34.776,
-0.887,34.732,
-0.735,34.84,
-0.829,34.883,
-0.581,34.8,
-0.861,34.94,
-0.933,34.844,
-0.773,34.636,
-0.747,34.667,
-0.643,34.881,
-0.548,34.845,
-0.102,34.762,
-0.174,34.919,
-0.103,34.518,
-0.112,34.891,
-0.181,35.266,
-0.007,34.6,
-0.059,34.978,
-0.158,35.197,
-0.055,35.212,
-0.127,35.086,
-0.107,35.11,
-0.269,34.972,
-0.077,35.048,
-0.059,34.52,
-0.168,35.082,
-0.204,34.858,
-0.382,34.979,
-0.207,34.849,
-0.163,34.669,
-0.15,34.826,
-0.102,34.455,
-0.339,34.967,
-0.024,34.793,
-0.363,34.919,
-1.367,38.011,
-1.226,38.19,
-1.186,37.978,
-1.528,38.023,
-1.234,37.916,
-1.313,38.519,
-1.308,37.992,
-1.796,38.427,
-1.667,38.324,
-1.451,38.235,
-1.593,38.117,
-1.184,37.819,
-1.419,38.042,
-0.711,38.078,
-0.508,38.082,
-1.056,38.361,
-3.795,39.264,
-4.293,39.564,
-4.278,39.594,
-4.553,39.124,
-4.174,39.452,
-4.462,39.483,
-4.137,39.315,
-4.168,39.571,
-4.363,39.416,
-4.648,39.382,
-4.448,39.31,
-0.433,36.964,
0.006,37.074,
0.038,36.363,
-0.315,36.492,
0.121,36.478,
0.273,36.538,
0.167,36.317,
-0.077,36.58,
-0.146,36.461,
-2.272,40.902,
-2.056,41.112,
-2.237,40.846,
-2.389,40.698,
-2.389,40.438,
-1.456,36.978,
-1.396,36.94,
-1.522,37.265,
-1.461,37.438,
-1.376,37.251,
-1.466,37.32,
-1.259,37.31,
-1.473,37.309,
-1.3,37.439,
-1.661,37.285,
-1.092,37.486,
-1.145,37.547,
-1.751,37.522,
-1.554,37.461,
-1.448,37.306,
-1.707,37.348,
-1.868,37.512,
-1.948,37.385,
-1.662,37.447,
-1.654,37.702,
-1.622,37.562,
-1.804,37.624,
-1.771,37.513,
-1.914,37.732,
-2.049,37.876,
-1.861,37.66,
-1.771,37.554,
3.937,41.857,
2.335,37.991,
2.744,36.715,
1.593,37.806,
3.527,39.056,
-0.004,37.592,
-0.646,34.728,
-0.955,34.512,
-0.817,34.533,
-1.096,34.454,
-0.843,34.157,
-0.908,34.473,
-0.757,34.598,
-0.91,34.532,
-1.102,34.29,
-1.037,34.365,
-0.862,34.566,
-1.194,34.62,
-1.239,34.479,
-1.198,34.557,
-1.262,34.654,
-1.341,34.688,
-1.166,34.445,
-1.063,34.473,
-4.055,39.664,
-4.0,39.717,
-4.017,39.629,
-3.931,39.699,
-4.06,39.65,
-4.084,39.662,
-4.04,39.68,
-3.917,39.472,
-1.004,37.279,
-0.937,37.123,
-0.931,37.062,
-0.825,36.909,
-0.897,37.003,
-0.721,37.153,
-0.748,37.008,
-0.685,36.965,
-0.802,36.925,
-0.879,36.887,
-0.796,37.133,
-0.709,37.043,
-0.651,36.904,
-0.738,37.004,
-0.652,37.021,
-0.708,36.965,
-0.735,36.883,
-0.637,36.93,
-0.714,36.966,
-0.609,36.87,
-0.842,37.179,
-0.845,36.969,
-0.756,37.089,
-0.633,37.0,
-0.307,36.072,
-0.168,35.915,
-0.3,35.809,
-0.248,35.732,
-0.33,35.944,
-0.173,35.863,
-0.016,36.209,
-0.373,36.173,
-0.607,36.008,
-0.303,36.137,
-0.154,36.146,
-0.078,36.17,
-0.371,35.933,
-0.504,36.318,
-0.714,36.433,
-0.252,36.236,
-0.216,36.163,
-0.124,35.94,
-0.17,35.997,
-0.055,36.127,
-0.282,35.759,
-0.448,35.633,
-0.468,35.682,
-0.428,35.584,
-0.442,36.043,
-0.884,36.499,
-0.989,36.585,
-0.254,35.603,
-0.586,35.688,
-0.301,35.522,
0.001,34.527,
0.391,35.468,
0.204,35.105,
0.104,35.184,
0.214,35.3,
0.405,35.086,
0.218,35.108,
0.057,34.976,
0.255,35.083,
0.321,35.176,
0.19,34.95,
0.198,35.276,
0.186,35.32,
0.209,35.232,
-0.048,35.059,
-1.081,35.871,
-1.587,35.235,
-1.334,35.553,
-1.008,34.878,
-0.563,34.936,
-0.531,35.026,
-0.76,35.015,
-0.711,34.989,
-0.603,34.961,
-0.685,34.918,
-0.483,35.022,
-0.726,34.925,
-0.654,34.874,
-0.4,36.493,
-0.075,36.363,
-0.165,36.436,
-0.191,36.502,
-0.356,36.536,
-0.064,36.524,
-0.107,36.273,
0.096,36.478,
-0.203,36.349,
-0.546,36.562,
-0.605,36.577,
-0.42,36.948,
-0.484,37.127,
-0.396,37.0,
-0.561,37.045,
-0.32,36.902,
-0.546,36.932,
-0.305,36.796,
-0.459,36.998,
-0.385,37.084,
-0.489,36.967,
-0.293,37.112,
-0.166,36.702,
-0.461,37.031,
-0.431,36.98,
-0.49,37.081,
-0.41,36.977,
1.097,36.698,
1.784,36.786,
0.98,37.324,
2.098,36.919,
-0.06,34.426,
-0.083,34.388,
0.061,34.288,
-0.096,34.273,
-0.079,34.363,
0.013,34.306,
-0.27,34.364,
0.16,34.37,
0.19,34.299,
0.193,34.187,
0.031,34.548,
-0.067,34.057,
0.094,34.536,
-0.148,34.386,
-0.008,34.326,
-0.289,34.354,
0.254,34.228,
-0.164,34.168,
0.206,34.283,
0.08,34.245,
-0.246,34.271,
-0.338,34.326,
0.117,34.1,
-0.051,34.15,
0.098,34.467,
-0.007,34.307,
-3.396,38.556,
-3.419,38.335,
-3.399,37.683,
-3.396,38.357,
-3.505,38.377,
-3.401,38.313,
-3.51,38.576,
-3.328,38.479,
-3.344,38.361,
-3.408,38.137,
-3.558,38.749,
-1.483,40.033,
-2.266,40.11,
-2.442,40.171,
-0.176,37.837,
-0.043,37.958,
-0.155,37.976,
-0.333,37.646,
-0.23,37.627,
-0.193,37.667,
-0.257,37.735,
-0.1,38.012,
-0.372,37.653,
-0.331,37.869,
-0.23,37.736,
-0.267,37.667,
-0.322,37.72,
1.016,35.006,
1.08,34.856,
0.934,35.019,
0.858,34.975,
1.168,34.993,
0.941,34.844,
0.722,34.7,
1.175,36.039,
3.12,35.596,
3.714,34.857,
3.521,35.833,
3.451,35.429,
0.52,35.27,
0.464,35.332,
0.217,35.432,
0.299,35.5,
0.817,35.385,
0.673,35.158,
0.634,35.048,
0.086,35.53,
0.479,35.255,
0.199,35.569,
0.43,35.481,
0.734,35.159,
0.524,34.926,
0.945,35.392,
0.327,35.577,
0.521,35.362,
0.324,35.466,
0.872,35.122,
0.844,35.137,
0.717,35.733,
0.563,35.479,
0.111,34.726,
0.146,34.796,
0.154,34.704,
0.055,34.749,
0.127,34.847,
0.023,34.587,
0.083,34.85,
0.037,34.71,
0.093,34.767,
0.037,34.627,
0.118,34.733,
0.001,34.74,
1.747,40.057,
1.017,39.491,
1.239,35.112,
1.48,35.012,
1.437,35.356,
1.447,35.238,
1.774,35.506,
1.306,35.204,
53.543,8.58,
53.08,8.796,
53.088,8.785,
53.083,8.869,
53.082,8.789,
53.081,8.801,
53.08,8.732,
53.074,8.805,
53.077,8.803,
53.076,8.803,
53.075,8.837,
53.06,8.904,
53.069,8.787,
53.054,8.798,
53.074,8.812,
53.076,8.804,
53.073,8.867,
53.07,8.868,
53.079,8.816,
53.085,8.799,
53.085,8.815,
53.074,8.81,
53.078,8.809,
53.102,8.768,
53.077,8.807,
53.076,8.817,
53.076,8.809,
53.103,8.86,
53.071,8.865,
53.079,8.8,
53.08,8.799,
53.081,8.885,
53.077,8.809,
53.053,8.783,
53.077,8.804,
53.141,8.704,
53.083,8.807,
53.033,8.877,
53.039,8.882,
53.059,8.901,
53.059,8.886,
53.066,8.876,
53.047,8.969,
53.048,8.913,
53.081,8.875,
53.08,8.884,
53.059,8.951,
53.066,8.943,
53.08,8.877,
53.08,8.893,
53.112,8.851,
53.106,8.853,
53.106,8.852,
53.059,8.785,
53.078,8.794,
53.056,8.785,
53.054,8.783,
53.079,8.799,
53.173,8.637,
53.107,8.866,
53.052,8.775,
53.142,8.705,
53.601,10.027,
53.548,10.003,
53.546,10.026,
53.552,10.018,
53.545,10.026,
53.533,9.979,
53.551,10.014,
53.55,9.99,
53.552,9.999,
53.544,10.031,
53.553,9.998,
53.542,9.985,
53.545,10.021,
53.556,10.017,
53.597,10.061,
53.606,10.079,
53.547,10.02,
53.549,10.009,
53.559,10.022,
53.557,9.987,
53.564,9.992,
53.571,9.996,
53.575,9.988,
53.576,9.978,
53.574,9.998,
53.567,9.991,
53.567,10.0,
53.578,9.999,
53.575,9.992,
53.577,9.989,
53.564,9.995,
53.582,9.961,
53.59,9.984,
53.585,9.988,
53.584,9.97,
53.603,9.968,
53.582,9.965,
53.598,9.983,
53.579,9.96,
53.59,9.979,
53.559,9.909,
53.555,9.984,
53.569,9.968,
53.553,9.987,
53.557,9.97,
53.557,9.993,
53.559,9.995,
53.549,9.969,
53.56,9.996,
53.557,9.977,
53.556,9.977,
53.553,9.985,
53.544,10.027,
53.561,9.994,
53.545,9.98,
53.549,9.99,
53.543,9.984,
53.542,10.002,
53.574,10.015,
53.548,9.985,
53.546,9.993,
53.544,10.032,
53.546,10.004,
53.549,9.991,
53.552,10.051,
53.547,10.056,
53.533,10.041,
53.558,10.046,
53.545,10.036,
53.529,10.063,
53.541,10.055,
53.551,10.034,
53.583,10.045,
53.56,9.992,
53.488,10.221,
53.507,10.179,
53.494,10.195,
53.499,10.111,
53.488,10.194,
53.48,10.207,
53.489,10.201,
53.504,10.203,
53.496,10.114,
53.496,10.113,
53.489,10.195,
53.493,10.118,
53.46,9.98,
53.466,9.986,
53.461,9.97,
53.493,9.983,
53.512,9.982,
53.51,9.982,
53.484,9.991,
53.482,9.904,
53.481,10.206,
53.577,10.079,
53.58,10.121,
53.589,10.093,
53.592,10.107,
53.577,10.081,
53.572,10.066,
53.589,10.098,
53.594,10.08,
53.573,10.08,
53.569,10.107,
53.573,10.076,
53.574,10.012,
53.567,10.059,
53.547,10.085,
53.562,9.912,
53.601,10.018,
53.604,10.027,
53.606,10.016,
53.601,9.99,
53.564,9.941,
53.621,10.014,
53.607,10.019,
53.606,10.036,
53.601,10.017,
53.603,10.02,
53.604,10.017,
53.603,10.025,
53.614,10.023,
53.605,10.023,
53.606,10.019,
53.605,10.024,
53.583,10.028,
53.587,10.058,
53.586,10.044,
53.631,10.027,
53.619,10.003,
53.623,10.007,
53.648,10.061,
53.608,10.034,
53.615,10.001,
53.646,10.037,
53.646,10.03,
53.625,10.032,
53.616,10.001,
53.638,10.016,
53.647,10.031,
53.623,10.015,
53.62,9.996,
53.622,9.997,
53.655,10.105,
53.67,10.069,
53.636,10.096,
53.67,10.068,
53.654,10.089,
53.674,9.996,
53.672,10.003,
53.675,10.029,
53.616,9.998,
53.628,9.95,
53.614,9.97,
53.621,9.955,
53.676,10.003,
53.608,9.959,
53.615,9.997,
53.648,9.928,
53.619,9.939,
53.632,9.905,
53.606,9.98,
53.634,9.911,
53.595,9.946,
53.595,9.944,
53.575,9.912,
53.599,9.947,
53.595,9.925,
53.598,9.899,
53.572,9.849,
53.58,9.852,
53.584,9.873,
53.589,9.876,
53.572,9.848,
53.582,9.85,
53.581,9.766,
53.582,9.773,
53.565,9.809,
53.575,9.887,
53.573,9.881,
53.56,9.959,
53.556,9.943,
53.546,9.937,
53.554,9.936,
53.562,9.946,
53.558,10.021,
53.546,9.94,
53.556,9.944,
53.574,9.94,
53.545,9.951,
53.546,9.936,
53.549,10.019,
53.566,9.936,
53.649,10.035,
53.562,9.916,
53.574,9.887,
53.582,10.028,
53.55,9.991,
53.55,9.978,
53.481,10.21,
53.327,10.204,
53.251,10.408,
53.254,10.412,
53.226,10.401,
53.25,10.401,
53.241,10.396,
53.247,10.408,
53.255,10.411,
53.255,10.387,
53.25,10.407,
53.233,10.405,
53.245,10.407,
53.252,10.408,
53.364,10.191,
53.602,9.482,
53.589,9.489,
53.599,9.478,
53.636,9.487,
53.596,9.443,
53.601,9.476,
53.109,8.263,
53.149,8.2,
53.112,8.21,
53.152,8.188,
53.139,8.203,
53.147,8.217,
53.139,8.196,
53.141,8.225,
53.188,8.227,
53.149,8.182,
53.111,8.209,
53.158,8.175,
53.189,8.112,
53.14,8.218,
53.146,8.222,
53.174,8.061,
53.183,8.02,
53.2,7.998,
53.28,8.158,
53.245,8.188,
53.535,8.133,
53.517,8.13,
53.517,8.126,
53.541,8.162,
53.521,8.067,
53.543,8.158,
53.52,8.124,
53.516,8.123,
53.528,8.11,
53.692,7.691,
53.5,7.388,
53.258,7.927,
53.253,7.93,
53.254,7.934,
53.257,7.927,
53.232,7.458,
53.227,7.451,
53.23,7.458,
53.235,7.452,
53.228,7.451,
53.233,7.473,
53.244,7.516,
53.233,7.457,
53.229,7.451,
53.093,7.367,
53.084,7.391,
53.078,7.394,
53.079,7.393,
53.076,7.405,
53.237,8.46,
52.824,8.699,
52.926,9.282,
52.923,9.24,
52.923,9.239,
52.92,9.237,
52.925,9.229,
52.922,9.231,
52.926,9.252,
52.923,9.231,
52.921,9.232,
52.909,9.26,
52.92,9.234,
52.984,9.184,
52.805,9.135,
53.094,9.448,
53.28,9.309,
53.862,8.697,
53.23,8.756,
53.233,8.79,
53.232,8.785,
53.222,8.803,
53.227,8.795,
53.228,8.701,
53.225,8.813,
53.225,8.798,
53.044,8.639,
53.009,8.601,
53.047,8.629,
53.048,8.628,
53.044,8.594,
53.079,8.645,
53.05,8.625,
53.232,8.699,
53.018,8.878,
53.225,8.577,
52.912,8.824,
52.919,8.807,
52.914,8.832,
52.913,8.826,
52.916,8.814,
53.063,9.173,
52.634,10.082,
52.613,10.066,
52.638,10.05,
52.62,10.088,
52.642,10.104,
52.665,10.684,
52.962,10.559,
52.969,10.56,
52.972,10.532,
52.965,10.556,
52.963,10.558,
52.966,10.546,
52.994,10.546,
52.963,10.559,
52.957,10.561,
52.986,10.557,
52.971,10.56,
52.963,10.581,
52.965,9.856,
52.371,9.806,
52.375,9.743,
52.382,9.754,
52.371,9.765,
52.416,9.733,
52.39,9.755,
52.401,9.766,
52.419,9.826,
52.379,9.733,
52.37,9.745,
52.332,9.775,
52.371,9.769,
52.334,9.779,
52.377,9.726,
52.375,9.728,
52.35,9.803,
52.363,9.722,
52.368,9.742,
52.4,9.737,
52.375,9.742,
52.421,9.733,
52.355,9.76,
52.166,9.992,
52.416,9.639,
52.328,9.778,
52.378,9.807,
52.371,9.805,
52.384,9.806,
52.383,9.81,
52.411,9.818,
52.259,9.781,
52.377,9.729,
52.422,9.83,
52.357,9.875,
52.419,9.574,
52.42,9.575,
52.3,9.822,
52.286,9.821,
52.304,9.598,
52.119,9.736,
52.15,9.947,
52.159,9.958,
52.153,9.952,
52.145,9.95,
52.117,9.897,
52.147,9.947,
52.329,10.246,
52.321,10.237,
52.361,9.916,
52.358,10.121,
52.374,9.994,
52.389,9.966,
52.445,10.003,
52.455,10.003,
52.446,10.008,
52.445,10.005,
52.416,9.455,
52.419,9.365,
52.419,9.464,
52.426,9.429,
52.503,9.461,
52.467,9.463,
52.51,9.458,
52.64,9.204,
52.314,9.191,
52.324,9.199,
52.32,9.193,
52.321,9.205,
52.329,9.212,
52.328,9.221,
52.263,9.009,
52.258,9.05,
52.261,9.046,
52.266,9.07,
52.267,9.065,
52.264,9.072,
52.279,9.147,
52.261,9.139,
52.287,9.107,
52.184,9.082,
52.169,9.09,
52.197,9.077,
52.204,9.092,
52.107,9.395,
52.11,9.359,
52.104,9.356,
52.105,9.361,
52.11,9.354,
52.105,9.365,
52.105,9.36,
52.104,9.358,
52.104,9.363,
52.106,9.361,
52.099,9.36,
51.991,9.249,
51.994,9.257,
51.986,9.258,
51.985,9.274,
52.194,9.56,
52.211,9.553,
52.215,9.561,
51.525,9.948,
51.561,9.926,
51.547,9.931,
51.529,9.939,
51.54,9.936,
51.532,9.934,
51.529,9.93,
51.511,9.972,
51.549,9.931,
51.529,9.94,
51.553,9.89,
51.556,9.944,
51.538,9.925,
51.549,9.895,
51.538,9.918,
51.562,9.97,
51.547,9.889,
51.538,9.93,
51.537,9.928,
51.538,9.932,
51.524,9.872,
51.541,9.916,
51.563,9.923,
51.55,9.942,
51.519,9.891,
51.818,9.837,
51.814,9.882,
51.81,9.443,
51.831,9.45,
51.821,9.453,
51.829,9.455,
51.826,9.47,
51.825,9.457,
52.27,10.531,
52.255,10.507,
52.297,10.517,
52.252,10.518,
52.255,10.535,
52.281,10.536,
52.303,10.515,
52.25,10.517,
52.318,10.477,
52.315,10.51,
52.258,10.535,
52.315,10.549,
52.161,10.431,
52.143,10.413,
52.144,10.418,
52.167,10.547,
52.18,10.535,
52.159,10.549,
52.164,10.521,
52.16,10.534,
52.167,10.541,
52.162,10.542,
52.163,10.535,
52.155,10.535,
52.15,10.552,
52.164,10.542,
52.165,10.531,
52.163,10.525,
52.16,10.551,
52.165,10.535,
52.223,11.019,
52.301,11.013,
52.29,10.999,
52.428,10.793,
52.436,10.861,
52.43,10.792,
52.426,10.797,
52.427,10.792,
52.489,10.545,
52.536,10.523,
52.466,10.537,
52.481,10.545,
52.488,10.547,
52.489,10.548,
52.49,10.544,
52.48,10.543,
52.478,10.55,
52.381,10.539,
51.879,10.155,
52.237,10.492,
52.432,7.061,
52.423,7.076,
52.443,7.065,
52.433,7.063,
52.433,7.068,
52.267,8.046,
52.266,8.017,
52.265,8.06,
52.098,8.097,
52.09,8.174,
52.721,8.277,
52.724,8.291,
52.733,8.294,
52.721,8.279,
52.729,8.282,
52.727,8.287,
52.729,8.288,
52.726,8.287,
52.389,7.937,
52.409,7.984,
52.406,7.994,
52.408,7.985,
52.674,7.955,
52.668,7.938,
52.675,7.957,
52.679,7.958,
52.845,8.043,
52.848,8.04,
52.846,8.041,
52.86,8.059,
52.847,8.045,
52.843,8.04,
52.803,8.12,
52.488,7.325,
52.517,7.302,
52.525,7.313,
52.522,7.325,
52.559,7.303,
52.524,7.3,
52.52,7.317,
52.509,7.294,
52.53,7.321,
52.522,7.316,
52.525,7.315,
52.336,9.418,
50.543,7.271,
50.568,7.246,
50.579,7.229,
50.565,7.25,
50.571,7.093,
50.572,7.03,
50.531,7.078,
50.532,7.08,
50.626,7.229,
49.771,6.67,
49.749,6.619,
49.799,6.693,
49.746,6.688,
49.759,6.65,
49.761,6.647,
49.764,6.655,
49.93,7.059,
49.918,7.068,
49.92,7.051,
49.914,7.074,
49.916,7.066,
50.241,6.66,
49.982,8.29,
50.016,8.254,
49.996,8.246,
49.964,8.206,
49.993,8.259,
50.004,8.247,
49.997,8.255,
49.995,8.228,
49.961,8.253,
49.905,8.204,
49.969,7.936,
49.967,7.894,
49.966,7.889,
49.938,7.91,
49.968,7.897,
49.93,7.864,
49.966,7.898,
49.938,7.912,
49.97,7.932,
49.841,7.867,
49.839,7.859,
49.843,7.872,
49.834,7.856,
49.847,7.857,
49.844,7.858,
49.83,7.881,
49.841,7.855,
49.849,7.875,
49.838,7.863,
49.849,7.86,
49.842,7.861,
49.842,7.879,
49.843,7.875,
50.389,7.583,
50.377,7.584,
50.373,7.555,
50.359,7.586,
50.337,7.558,
50.348,7.495,
50.357,7.603,
50.361,7.572,
50.342,7.585,
50.359,7.568,
50.357,7.58,
50.359,7.572,
50.359,7.588,
50.355,7.595,
50.361,7.569,
50.353,7.596,
50.356,7.591,
50.355,7.592,
50.37,7.542,
50.36,7.597,
50.352,7.591,
50.356,7.598,
50.342,7.572,
50.353,7.59,
50.388,7.559,
50.349,7.59,
50.354,7.594,
50.362,7.587,
50.351,7.59,
50.359,7.602,
50.358,7.598,
50.359,7.579,
50.354,7.565,
50.38,7.565,
50.387,7.579,
50.329,7.729,
50.335,7.721,
50.438,7.835,
50.438,7.825,
50.432,7.83,
50.436,7.812,
50.438,7.826,
50.431,7.829,
50.45,7.837,
50.436,7.83,
50.559,7.985,
50.559,7.975,
50.565,7.97,
50.645,7.932,
50.656,7.955,
50.647,7.95,
50.658,7.953,
50.428,7.466,
50.428,7.464,
50.427,7.46,
50.428,7.465,
50.431,7.475,
50.431,7.467,
50.445,7.504,
50.448,7.431,
50.433,7.463,
50.434,7.48,
50.505,7.487,
50.438,7.397,
50.439,7.407,
50.415,7.408,
50.435,7.426,
50.388,7.404,
50.329,7.231,
50.32,7.234,
50.33,7.257,
50.325,7.24,
50.327,7.225,
50.788,7.875,
50.792,7.87,
50.797,7.85,
50.797,7.849,
50.794,7.838,
50.801,7.855,
50.8,7.85,
50.788,7.874,
50.79,7.834,
50.689,7.65,
50.69,7.623,
50.689,7.653,
50.687,7.65,
50.688,7.646,
50.688,7.65,
50.688,7.647,
50.689,7.649,
50.688,7.63,
50.662,7.82,
50.655,7.801,
50.662,7.821,
50.663,7.822,
50.658,7.817,
50.664,7.816,
50.665,7.814,
50.661,7.819,
50.37,8.033,
50.371,8.017,
50.373,8.03,
50.37,8.014,
50.373,8.008,
50.372,8.043,
50.371,8.016,
50.371,8.009,
49.194,7.608,
49.206,7.593,
49.212,7.618,
49.202,7.604,
49.222,7.593,
49.202,7.599,
49.183,7.568,
49.261,7.562,
49.48,8.444,
49.495,8.434,
49.474,8.425,
49.444,8.403,
49.475,8.427,
49.476,8.456,
49.541,8.375,
49.54,8.348,
49.545,8.347,
49.535,8.351,
49.534,8.351,
49.535,8.355,
49.539,8.368,
49.535,8.348,
49.534,8.347,
49.32,8.421,
49.316,8.442,
49.328,8.431,
49.319,8.433,
49.316,8.422,
49.317,8.44,
49.318,8.431,
49.32,8.434,
49.334,8.421,
49.313,8.435,
49.319,8.436,
49.319,8.431,
49.318,8.434,
49.316,8.441,
49.312,8.453,
49.354,8.136,
49.352,8.147,
49.357,8.152,
49.352,8.141,
49.353,8.144,
49.357,8.153,
49.356,8.144,
49.345,8.158,
49.356,8.14,
49.352,8.139,
49.356,8.146,
49.354,8.131,
49.355,8.135,
49.354,8.141,
49.351,8.142,
49.356,8.147,
49.63,8.357,
49.63,8.362,
49.617,8.355,
49.634,8.35,
49.66,8.356,
49.667,8.355,
49.635,8.354,
49.632,8.362,
49.634,8.354,
49.646,8.368,
49.667,8.354,
49.632,8.359,
49.619,8.349,
49.636,8.359,
49.439,7.774,
49.437,7.767,
49.457,7.803,
49.445,7.774,
49.439,7.776,
49.435,7.781,
49.443,7.771,
49.445,7.777,
49.445,7.773,
49.424,7.758,
49.447,7.768,
49.446,7.766,
49.433,7.749,
49.437,7.77,
49.444,7.766,
49.44,7.701,
49.442,7.719,
49.439,7.665,
49.442,7.757,
49.444,7.775,
49.442,7.772,
49.455,7.805,
49.444,7.769,
49.453,7.787,
49.437,7.775,
49.441,7.766,
49.467,8.454,
49.203,8.378,
49.245,8.368,
49.218,8.374,
49.22,8.364,
49.049,8.28,
49.195,8.118,
49.198,8.112,
49.192,8.134,
49.195,8.115,
49.198,8.091,
49.198,8.117,
49.194,8.133,
49.2,8.109,
49.2,8.116,
49.195,8.131,
49.209,8.125,
49.215,8.175,
49.232,7.007,
49.232,7.031,
49.239,6.986,
49.227,7.025,
49.225,7.042,
49.24,6.956,
49.236,6.992,
49.221,7.035,
49.24,6.98,
49.235,6.99,
49.241,6.99,
49.234,6.99,
49.226,7.03,
49.235,6.997,
49.228,6.998,
49.238,7.039,
49.24,6.984,
49.233,7.006,
49.238,7.042,
49.24,6.989,
49.241,6.955,
49.24,6.995,
49.229,6.995,
49.24,6.999,
49.241,7.006,
49.233,7.002,
49.214,6.968,
49.252,6.851,
49.315,7.343,
49.287,7.216,
49.465,6.615,
49.326,6.748,
53.51,10.251,
53.51,10.241,
53.531,10.239,
53.525,10.233,
53.524,10.247,
53.523,10.245,
53.511,10.254,
53.526,10.236,
53.431,10.376,
53.435,10.383,
53.412,10.403,
53.436,10.344,
53.44,10.358,
53.436,10.393,
53.404,10.427,
53.661,10.312,
53.655,10.292,
53.576,9.735,
53.669,9.968,
53.804,9.942,
53.708,9.994,
53.683,10.011,
53.682,9.997,
53.681,9.996,
53.681,9.988,
53.685,9.986,
53.663,9.975,
53.664,9.988,
53.663,9.989,
53.661,9.987,
53.664,9.985,
53.665,9.985,
53.682,9.985,
53.67,9.98,
53.66,9.983,
53.681,9.997,
53.685,10.022,
53.594,9.835,
53.604,9.836,
53.606,9.828,
53.6,9.836,
53.592,9.829,
53.599,9.853,
53.61,9.84,
53.571,9.733,
53.578,9.734,
53.667,10.232,
53.673,10.236,
53.689,10.261,
53.681,10.252,
53.692,10.257,
53.73,10.266,
53.848,10.673,
53.836,10.711,
53.852,10.681,
53.851,10.681,
53.857,10.669,
53.855,10.631,
53.864,10.65,
53.872,10.666,
53.867,10.688,
53.87,10.688,
53.864,10.685,
53.844,10.662,
53.871,10.721,
53.846,10.673,
53.868,10.673,
53.867,10.672,
53.868,10.678,
53.866,10.698,
53.838,10.666,
53.864,10.688,
53.868,10.687,
53.867,10.674,
53.866,10.67,
53.863,10.604,
53.89,10.632,
53.938,10.299,
53.933,10.306,
53.937,10.304,
53.934,10.318,
53.802,10.388,
53.81,10.372,
53.81,10.398,
53.812,10.364,
53.811,10.38,
53.8,10.349,
53.804,10.38,
53.809,10.382,
53.799,10.135,
54.316,10.128,
54.275,10.161,
54.322,10.134,
54.345,10.133,
54.333,10.139,
54.315,10.132,
54.338,10.128,
54.318,10.135,
54.309,10.096,
54.316,10.129,
54.327,10.135,
54.327,10.107,
54.325,10.084,
54.324,10.136,
54.305,10.122,
54.321,10.135,
54.352,10.138,
54.361,10.139,
54.337,10.124,
54.331,10.15,
54.331,10.113,
54.309,10.138,
54.309,10.133,
54.283,10.162,
54.583,10.022,
54.588,10.021,
54.586,10.022,
54.585,10.023,
54.068,9.987,
54.072,9.987,
54.048,9.984,
54.066,9.992,
54.044,10.0,
54.085,9.996,
54.076,9.983,
54.065,9.99,
54.07,9.988,
54.074,9.984,
54.082,9.988,
54.086,10.001,
54.075,9.987,
54.052,9.991,
54.075,9.98,
54.793,9.424,
54.776,9.388,
54.813,9.464,
54.792,9.439,
53.756,9.662,
53.757,9.652,
53.746,9.688,
53.758,9.665,
53.755,9.654,
53.746,9.643,
53.742,9.711,
53.745,9.691,
53.75,9.653,
53.744,9.703,
53.745,9.7,
53.745,9.942,
53.96,9.484,
53.935,9.498,
53.932,9.52,
54.195,9.125,
54.202,9.1,
54.768,9.442,
51.759,14.328,
51.767,14.38,
52.317,13.265,
52.389,13.499,
52.407,13.054,
52.39,13.518,
52.386,13.489,
52.62,13.208,
52.401,13.252,
52.4,13.247,
52.415,12.969,
52.392,13.083,
52.375,13.014,
52.362,13.095,
52.406,13.058,
52.38,13.087,
52.377,13.306,
52.388,13.078,
52.401,13.244,
52.604,12.975,
52.605,12.349,
52.412,12.541,
52.412,12.553,
52.412,12.534,
52.411,12.544,
52.403,12.528,
52.408,12.562,
52.33,14.533,
52.291,14.47,
52.311,14.486,
52.332,14.517,
52.362,14.527,
52.338,14.547,
52.339,14.555,
52.342,14.55,
52.344,14.554,
52.342,14.552,
52.331,14.531,
52.359,14.062,
52.341,14.088,
52.372,14.057,
52.375,14.054,
52.486,13.825,
52.165,14.606,
52.162,14.628,
52.836,13.808,
52.633,13.21,
52.889,12.81,
52.96,11.951,
53.519,13.258,
53.575,13.213,
53.569,13.268,
53.508,14.022,
54.074,13.384,
54.093,13.399,
54.087,12.085,
54.089,12.141,
54.087,12.136,
54.091,12.116,
54.076,12.044,
54.092,12.113,
54.108,12.167,
54.079,12.22,
53.795,12.176,
53.791,12.176,
53.81,12.188,
53.792,12.178,
53.808,12.191,
53.793,12.176,
53.794,12.179,
54.338,13.067,
54.308,13.069,
53.659,11.36,
53.617,11.427,
53.626,11.415,
53.635,11.423,
53.631,11.411,
53.631,11.416,
53.614,11.417,
53.631,11.365,
53.627,11.415,
53.651,11.407,
53.606,11.425,
53.631,11.41,
53.555,11.503,
53.568,11.375,
53.428,11.831,
53.826,11.227,
51.056,13.732,
51.029,13.737,
51.047,13.749,
51.057,13.729,
51.035,13.74,
51.046,13.739,
51.047,13.727,
51.083,13.726,
51.104,13.771,
51.029,13.724,
51.033,13.707,
51.039,13.733,
51.057,13.749,
51.041,13.72,
51.053,13.783,
51.054,13.761,
51.052,13.777,
51.054,13.759,
51.178,13.842,
51.18,13.838,
51.307,13.285,
50.946,13.771,
50.954,13.941,
51.155,14.433,
51.176,14.429,
51.182,14.428,
51.19,14.459,
51.399,12.198,
51.351,12.404,
51.073,13.76,
51.344,12.394,
51.331,12.387,
51.338,12.379,
51.336,12.375,
51.334,12.396,
51.375,12.323,
51.341,12.358,
51.332,12.375,
51.343,12.369,
51.335,12.371,
51.339,12.385,
51.341,12.386,
51.378,12.312,
51.33,12.346,
51.33,12.441,
51.409,12.447,
51.316,12.383,
51.401,12.404,
51.413,12.292,
51.413,12.289,
51.119,12.49,
51.299,13.119,
51.559,13.008,
50.72,12.484,
50.794,12.484,
50.797,12.483,
50.691,12.564,
50.669,12.364,
50.497,12.123,
50.815,12.911,
50.813,12.881,
50.834,12.926,
50.878,12.903,
50.81,12.905,
50.834,12.923,
50.804,12.889,
50.845,12.918,
50.832,12.92,
50.817,12.916,
50.833,12.919,
50.839,12.927,
50.809,12.842,
50.806,12.843,
50.885,12.803,
50.578,13.005,
50.582,13.002,
50.587,13.01,
50.587,13.009,
50.911,13.342,
50.918,13.341,
50.89,13.376,
50.921,13.351,
50.912,13.323,
50.917,13.343,
50.929,13.348,
50.904,13.355,
50.97,13.119,
51.298,14.098,
51.497,11.967,
51.479,11.988,
51.482,11.983,
51.478,11.98,
51.508,11.964,
51.485,12.003,
51.496,11.982,
51.486,11.961,
51.469,11.985,
51.5,11.934,
51.49,11.97,
51.485,11.966,
51.483,11.972,
51.481,11.966,
51.436,11.985,
51.424,11.998,
51.481,11.925,
51.48,11.926,
51.493,11.934,
51.469,11.991,
51.525,12.104,
51.469,11.983,
51.347,12.169,
51.519,11.551,
51.732,11.978,
51.795,11.745,
51.841,12.232,
51.836,12.208,
51.895,11.059,
51.966,10.699,
51.844,10.766,
52.173,11.671,
52.12,11.632,
52.127,11.633,
52.144,11.64,
52.138,11.649,
52.157,11.582,
52.133,11.621,
52.115,11.611,
52.153,11.632,
52.132,11.639,
52.126,11.634,
52.101,11.62,
52.152,11.639,
52.139,11.641,
52.052,11.594,
52.129,11.63,
52.197,11.599,
51.961,12.084,
51.367,11.294,
50.873,12.083,
50.907,12.073,
50.87,12.084,
50.876,12.084,
50.93,12.014,
50.93,11.589,
50.928,11.583,
50.928,11.581,
50.929,11.592,
50.924,11.591,
50.886,11.618,
50.917,11.568,
50.922,11.574,
50.893,11.585,
50.923,11.576,
50.611,10.685,
50.637,10.701,
50.575,10.416,
50.978,11.131,
50.959,11.044,
51.001,11.0,
50.978,11.13,
50.979,11.036,
51.01,10.99,
50.978,11.027,
50.962,10.995,
50.973,11.028,
50.962,11.248,
50.982,11.031,
50.963,11.018,
50.973,10.975,
50.977,11.013,
50.978,11.123,
50.972,10.961,
50.973,10.963,
50.972,10.96,
50.959,11.052,
50.979,11.329,
50.989,11.325,
50.982,11.337,
50.975,11.329,
50.983,11.32,
50.89,11.266,
51.497,10.789,
50.974,10.318,
50.917,10.562,
52.517,13.415,
52.532,13.384,
52.511,13.402,
52.514,13.423,
52.524,13.38,
52.518,13.394,
52.517,13.392,
52.529,13.369,
52.511,13.39,
52.517,13.386,
52.521,13.388,
52.519,13.389,
52.526,13.398,
52.512,13.49,
52.513,13.392,
52.514,13.385,
52.512,13.384,
52.51,13.401,
52.511,13.422,
52.509,13.384,
52.526,13.379,
52.508,13.396,
52.529,13.389,
52.512,13.389,
52.528,13.378,
52.523,13.379,
52.508,13.392,
52.517,13.395,
52.517,13.388,
52.524,13.39,
52.509,13.428,
52.518,13.414,
52.526,13.414,
52.509,13.525,
52.493,13.526,
52.518,13.488,
52.518,13.489,
52.526,13.503,
52.525,13.465,
52.515,13.489,
52.529,13.428,
52.541,13.427,
52.533,13.452,
52.553,13.408,
52.533,13.28,
52.523,13.345,
52.528,13.326,
52.527,13.346,
52.511,13.322,
52.509,13.323,
52.517,13.308,
52.487,13.316,
52.486,13.32,
52.492,13.334,
52.489,13.322,
52.5,13.329,
52.491,13.315,
52.48,13.33,
52.491,13.317,
52.498,13.294,
52.492,13.326,
52.49,13.3,
52.482,13.328,
52.496,13.332,
52.493,13.315,
52.499,13.306,
52.49,13.315,
52.502,13.321,
52.49,13.311,
52.497,13.293,
52.5,13.325,
52.505,13.345,
52.505,13.367,
52.508,13.371,
52.504,13.346,
52.507,13.348,
52.507,13.342,
52.505,13.351,
52.51,13.376,
52.481,13.338,
52.485,13.345,
52.483,13.345,
52.434,13.536,
52.506,13.392,
52.499,13.382,
52.489,13.348,
52.506,13.295,
52.455,13.58,
52.437,13.308,
52.517,13.412,
52.566,13.416,
52.526,13.354,
52.524,13.417,
52.491,13.357,
52.525,13.351,
52.523,13.349,
52.566,13.51,
52.557,13.46,
52.527,13.371,
52.526,13.298,
52.498,13.38,
52.514,13.489,
52.516,13.411,
52.519,13.391,
52.516,13.392,
52.516,13.393,
52.508,13.398,
52.492,13.31,
52.496,13.455,
52.507,13.375,
52.522,13.389,
52.504,13.33,
52.513,13.39,
52.512,13.395,
52.508,13.358,
52.506,13.373,
52.508,13.375,
52.507,13.438,
52.505,13.381,
52.512,13.433,
52.533,13.384,
52.467,13.373,
52.464,13.37,
52.513,13.319,
52.514,13.318,
52.521,13.493,
52.526,13.322,
52.52,13.404,
52.517,13.387,
52.521,13.414,
52.578,13.294,
52.483,13.293,
52.512,13.315,
52.531,13.385,
52.509,13.372,
52.5,13.361,
52.504,13.451,
52.515,13.329,
52.505,13.36,
52.507,13.379,
52.495,13.484,
52.509,13.352,
52.505,13.369,
52.502,13.336,
52.523,13.348,
52.508,13.403,
52.511,13.388,
52.501,13.388,
52.495,13.389,
52.505,13.389,
52.498,13.398,
52.505,13.391,
52.499,13.396,
52.486,13.395,
52.493,13.37,
52.516,13.353,
52.515,13.399,
52.523,13.362,
52.515,13.405,
52.525,13.388,
52.559,13.441,
52.522,13.38,
52.512,13.378,
52.514,13.402,
52.51,13.363,
52.509,13.358,
52.513,13.379,
52.515,13.386,
52.505,13.447,
52.467,13.372,
52.472,13.366,
52.508,13.404,
52.477,13.364,
52.515,13.335,
52.502,13.407,
52.479,13.428,
52.515,13.412,
52.474,13.457,
52.482,13.434,
52.47,13.465,
52.481,13.435,
52.401,13.382,
52.483,13.387,
52.453,13.377,
52.456,13.395,
52.436,13.379,
52.464,13.409,
52.453,13.315,
52.464,13.327,
52.471,13.332,
52.462,13.325,
52.457,13.321,
52.432,13.31,
52.441,13.317,
52.452,13.321,
52.43,13.29,
52.417,13.307,
52.446,13.284,
52.443,13.288,
52.418,13.388,
52.398,13.383,
52.427,13.386,
52.413,13.39,
52.423,13.383,
52.398,13.382,
52.417,13.39,
52.409,13.368,
52.412,13.378,
52.426,13.443,
52.452,13.423,
52.455,13.43,
52.438,13.458,
52.434,13.557,
52.445,13.594,
52.507,13.592,
52.514,13.617,
52.539,13.607,
52.553,13.543,
52.528,13.54,
52.505,13.563,
52.559,13.55,
52.555,13.544,
52.545,13.5,
52.542,13.47,
52.544,13.522,
52.552,13.517,
52.54,13.486,
52.631,13.511,
52.627,13.501,
52.558,13.372,
52.527,13.338,
52.542,13.367,
52.55,13.375,
52.544,13.353,
52.539,13.369,
52.542,13.348,
52.52,13.269,
52.545,13.361,
52.586,13.322,
52.587,13.325,
52.532,13.39,
52.576,13.295,
52.575,13.3,
52.59,13.309,
52.583,13.285,
52.581,13.284,
52.59,13.284,
52.564,13.22,
52.53,13.213,
52.535,13.226,
52.534,13.177,
52.536,13.173,
52.536,13.201,
52.537,13.202,
52.532,13.216,
52.539,13.218,
52.535,13.274,
52.538,13.262,
52.536,13.265,
52.535,13.266,
52.541,13.262,
52.545,13.32,
52.538,13.249,
52.516,13.28,
52.507,13.278,
52.513,13.282,
52.411,13.13,
52.408,13.274,
52.434,13.259,
52.462,13.301,
52.459,13.305,
52.492,13.293,
52.475,13.305,
52.449,13.287,
52.459,13.304,
52.546,13.318,
52.452,13.272,
52.474,13.302,
52.516,13.328,
51.4,14.0,
51.433,13.733,
51.417,13.933,
51.406,13.894,
51.431,14.01,
51.4,13.733,
51.45,13.933,
51.383,13.8,
51.458,13.866,
51.546,13.912,
51.525,14.002,
51.53,13.951,
51.488,13.766,
51.621,14.131,
51.588,14.011,
51.477,13.856,
51.375,13.76,
51.379,13.725,
51.415,13.77,
51.51,13.898,
51.561,13.882,
51.569,13.924,
51.562,13.874,
51.563,13.896,
51.564,13.869,
51.55,13.924,
51.556,13.889,
51.455,14.025,
51.542,13.899,
51.761,14.354,
51.775,14.337,
51.756,14.32,
51.74,14.32,
51.732,14.335,
51.767,14.333,
51.701,14.388,
51.687,14.509,
51.702,14.502,
51.678,14.359,
51.668,14.345,
51.696,14.427,
51.651,14.33,
51.725,14.484,
51.724,14.363,
51.674,14.442,
51.714,14.325,
51.711,14.354,
51.685,14.473,
51.704,14.461,
51.679,14.416,
51.743,14.421,
51.812,14.229,
51.816,14.244,
51.817,14.183,
51.825,14.283,
51.85,14.233,
51.833,14.15,
51.75,14.25,
51.608,14.165,
51.654,14.223,
51.584,14.171,
51.58,14.589,
51.645,14.433,
51.568,14.527,
51.598,14.447,
51.552,14.222,
51.551,14.188,
51.591,14.458,
51.591,14.527,
51.57,14.374,
51.573,14.473,
51.583,14.617,
51.667,14.475,
51.625,14.492,
51.567,14.642,
51.608,14.521,
51.567,14.367,
51.697,14.553,
51.7,14.625,
51.73,14.598,
51.643,14.63,
51.616,14.598,
51.934,14.626,
51.9,14.65,
51.983,14.533,
51.983,14.624,
51.91,14.576,
51.849,14.592,
51.95,14.714,
51.938,14.567,
51.793,14.51,
51.875,14.408,
51.806,14.444,
51.858,14.411,
51.82,14.507,
51.89,14.316,
51.9,14.45,
51.867,14.367,
51.861,14.498,
51.897,14.51,
53.243,14.257,
51.744,13.953,
51.733,13.817,
51.733,13.912,
51.667,13.917,
51.748,14.029,
51.725,13.956,
51.713,14.042,
51.759,13.986,
51.775,13.956,
51.683,14.0,
51.646,13.927,
51.727,14.05,
51.713,14.088,
51.799,13.97,
51.63,13.93,
51.87,13.88,
51.831,13.916,
51.888,13.902,
51.85,13.903,
51.853,13.846,
51.841,13.983,
51.863,13.961,
51.833,13.95,
51.818,14.04,
51.786,14.079,
51.855,14.044,
51.799,14.092,
51.777,14.029,
51.65,14.033,
51.608,13.86,
51.658,13.714,
51.643,13.733,
51.534,13.67,
51.596,13.612,
51.598,13.778,
51.533,13.627,
51.615,13.762,
51.555,13.594,
51.568,13.518,
51.658,13.78,
51.667,13.645,
51.634,13.707,
51.617,13.809,
51.569,13.572,
51.608,13.658,
51.593,13.543,
51.627,13.767,
51.561,13.482,
51.589,13.849,
51.611,13.598,
51.667,13.683,
51.64,13.857,
51.713,13.786,
51.738,13.725,
51.733,13.767,
51.719,13.649,
51.735,13.593,
51.692,13.647,
51.686,13.724,
51.7,13.717,
51.732,13.627,
51.691,13.683,
51.711,13.632,
51.679,13.602,
51.658,13.593,
51.692,13.521,
51.645,13.39,
51.6,13.433,
51.637,13.607,
51.655,13.532,
51.626,13.562,
51.637,13.371,
51.661,13.43,
51.702,13.601,
51.6,13.383,
51.699,13.573,
51.669,13.472,
51.6,13.49,
51.673,13.509,
51.587,13.236,
51.46,13.52,
51.479,13.468,
51.844,13.161,
51.683,13.233,
51.767,13.25,
51.783,13.317,
51.833,13.2,
51.778,13.319,
51.518,13.395,
51.517,13.333,
51.468,13.566,
51.425,13.695,
51.484,13.588,
51.467,13.617,
51.433,13.217,
51.4,13.533,
51.46,13.429,
51.415,13.55,
51.409,13.507,
51.383,13.617,
51.383,13.667,
51.4,13.567,
51.463,13.464,
51.5,13.55,
51.485,13.538,
51.805,13.388,
51.721,13.419,
51.709,13.487,
51.796,13.421,
51.703,13.415,
51.741,13.491,
51.694,13.33,
51.767,13.467,
51.687,13.354,
51.737,13.44,
51.727,13.318,
51.783,13.4,
51.683,13.375,
51.825,13.45,
51.697,13.47,
51.724,13.383,
52.389,13.504,
52.4,13.067,
52.403,13.063,
52.409,12.99,
52.374,13.01,
52.391,13.065,
52.473,12.938,
52.417,12.794,
52.459,12.966,
52.51,13.12,
52.468,13.108,
52.469,13.012,
52.449,13.049,
52.474,12.99,
52.406,12.967,
52.373,13.091,
52.369,13.127,
52.387,13.099,
52.403,13.26,
52.334,13.141,
52.306,13.163,
52.383,13.217,
52.408,13.225,
52.328,13.165,
52.369,12.919,
52.339,12.972,
52.327,12.662,
52.238,12.971,
52.245,13.079,
52.403,12.779,
52.381,12.793,
52.403,12.825,
52.417,12.803,
52.447,12.772,
52.454,12.812,
52.27,13.12,
52.283,13.062,
52.27,13.075,
52.316,13.125,
52.313,13.03,
52.272,13.017,
52.317,13.067,
52.332,13.062,
52.347,13.105,
52.56,13.093,
52.619,13.127,
52.543,13.058,
52.542,12.988,
52.534,12.757,
52.55,12.95,
52.656,12.804,
52.712,12.934,
52.676,12.965,
52.654,12.988,
52.658,13.012,
52.615,12.831,
52.686,12.935,
52.518,12.854,
52.64,13.087,
52.625,12.685,
52.607,12.874,
52.573,12.959,
52.496,12.923,
52.567,12.708,
52.531,12.818,
52.642,12.667,
52.677,12.711,
52.62,12.795,
52.58,12.733,
52.69,12.65,
52.625,12.751,
52.633,12.714,
52.579,12.872,
52.589,12.927,
52.663,12.906,
52.667,12.611,
52.639,13.042,
52.583,13.0,
52.738,12.58,
52.728,12.626,
52.711,12.643,
52.478,12.845,
52.484,12.784,
52.607,12.337,
52.633,12.517,
52.567,12.617,
52.6,12.5,
52.6,12.65,
52.614,12.601,
52.536,12.3,
52.672,12.378,
52.648,12.45,
52.583,12.633,
52.528,12.21,
52.559,12.511,
52.579,12.472,
52.475,12.39,
52.567,12.567,
52.525,12.256,
52.583,12.434,
52.587,12.617,
52.593,12.233,
52.655,12.556,
52.52,12.312,
52.717,12.257,
52.488,12.343,
52.664,12.535,
52.467,12.361,
52.532,12.348,
52.522,12.368,
52.745,12.4,
52.717,12.5,
52.751,12.342,
52.419,12.523,
52.436,12.53,
52.386,12.414,
52.404,12.568,
52.415,12.611,
52.42,12.719,
52.472,12.719,
52.419,12.645,
52.39,12.711,
52.117,12.677,
52.086,12.451,
52.3,12.45,
52.517,12.717,
52.283,12.467,
52.276,12.601,
52.366,12.719,
52.492,12.613,
52.483,12.561,
52.493,12.467,
52.254,12.688,
52.367,12.385,
52.417,12.333,
52.329,12.358,
52.199,12.352,
52.24,12.347,
52.233,12.322,
52.233,12.433,
52.176,12.627,
52.139,12.52,
52.133,12.6,
52.197,12.785,
52.119,12.792,
52.25,12.833,
52.217,12.85,
52.198,12.769,
52.053,12.618,
52.033,12.631,
52.115,12.455,
52.172,12.375,
51.956,13.328,
51.996,13.08,
51.979,12.985,
51.903,13.209,
51.889,13.305,
52.112,13.215,
51.933,13.333,
51.867,13.338,
51.862,13.295,
52.097,12.873,
52.09,13.168,
52.156,12.97,
52.186,13.29,
52.213,13.146,
52.217,13.225,
52.303,13.254,
52.253,13.24,
52.359,13.31,
52.347,14.554,
52.324,14.533,
52.365,14.524,
52.334,14.418,
52.383,14.367,
52.367,14.35,
52.333,14.4,
52.35,14.55,
52.333,14.35,
52.4,14.4,
52.206,14.624,
52.233,14.533,
52.25,14.683,
52.254,14.573,
52.233,14.633,
52.231,14.591,
52.25,14.483,
52.233,14.517,
52.247,14.418,
52.15,14.4,
52.2,14.4,
52.15,14.408,
52.141,14.416,
52.48,14.39,
52.562,14.385,
52.502,14.326,
52.49,14.428,
52.506,14.48,
52.445,14.432,
52.495,14.407,
52.464,14.421,
52.547,14.277,
52.578,14.34,
52.456,14.447,
52.477,14.437,
52.584,14.324,
52.572,14.356,
52.47,14.34,
52.512,14.331,
52.53,14.311,
52.433,14.317,
52.483,14.28,
52.521,14.275,
52.515,14.314,
52.534,14.381,
52.51,14.399,
52.659,14.286,
52.596,14.238,
52.619,14.267,
52.627,14.213,
52.57,14.235,
52.596,14.24,
52.686,14.281,
52.667,14.233,
52.691,14.248,
52.665,14.228,
52.7,14.408,
52.644,14.36,
52.673,14.439,
52.724,14.317,
52.703,14.306,
52.632,14.303,
52.704,14.356,
52.421,14.387,
52.402,14.472,
52.458,14.488,
52.441,14.374,
52.424,14.533,
52.472,14.535,
52.398,14.342,
52.421,14.473,
52.425,14.447,
52.456,14.493,
52.427,14.532,
52.501,14.582,
52.598,14.473,
52.574,14.493,
52.608,14.453,
52.612,14.458,
52.537,14.512,
52.602,14.44,
52.504,14.536,
52.588,14.611,
52.568,14.552,
52.522,14.541,
52.615,14.519,
52.562,14.573,
52.567,14.611,
52.602,14.565,
52.539,14.513,
52.552,14.556,
52.579,13.887,
52.48,13.911,
52.637,13.988,
52.639,13.989,
52.675,13.994,
52.531,13.951,
52.594,14.036,
52.647,14.078,
52.656,14.094,
52.684,14.014,
52.546,13.982,
52.538,13.967,
52.591,13.957,
52.616,14.018,
52.665,14.11,
52.502,13.922,
52.565,13.728,
52.52,13.946,
52.503,13.926,
52.537,13.916,
52.52,13.944,
52.525,13.8,
52.534,13.909,
52.533,13.683,
52.517,13.667,
52.547,13.638,
52.556,14.138,
52.5,13.733,
52.5,14.133,
52.511,14.136,
52.566,14.074,
52.542,14.07,
52.603,14.032,
52.59,14.104,
52.6,14.026,
52.619,14.071,
52.606,14.038,
52.617,14.146,
52.62,14.129,
52.586,14.078,
52.611,14.117,
52.582,14.053,
52.632,14.125,
52.508,13.852,
52.482,13.852,
52.383,14.058,
52.364,14.047,
52.4,14.05,
52.388,14.263,
52.381,14.239,
52.383,14.283,
52.317,14.367,
52.383,13.933,
52.411,13.889,
52.383,14.1,
52.333,14.283,
52.325,14.3,
52.332,14.028,
52.433,14.25,
52.417,14.117,
52.433,14.017,
52.35,14.15,
52.433,14.05,
52.381,14.235,
52.45,14.1,
52.467,14.05,
52.417,14.217,
52.45,14.167,
52.383,14.2,
52.4,14.167,
52.333,14.1,
52.45,14.217,
52.4,14.267,
52.317,14.083,
52.233,13.983,
52.283,14.067,
52.3,14.117,
52.232,14.162,
52.3,14.1,
52.283,13.983,
52.267,14.0,
52.367,13.967,
52.367,13.85,
52.343,13.877,
52.324,13.899,
52.367,13.833,
52.333,13.95,
52.383,13.883,
52.4,13.717,
52.417,13.817,
52.45,13.95,
52.467,13.917,
52.42,13.754,
52.367,13.75,
52.471,13.774,
52.46,13.705,
52.446,13.756,
52.278,13.595,
52.279,13.638,
52.301,13.633,
52.289,13.7,
52.297,13.718,
52.304,13.697,
52.369,13.703,
52.317,13.65,
52.367,13.617,
52.362,13.556,
52.358,13.598,
52.348,13.622,
52.204,13.583,
52.24,13.709,
52.24,13.637,
52.225,13.659,
52.317,13.633,
52.166,13.659,
52.147,13.834,
52.11,13.765,
52.287,13.544,
52.245,13.561,
52.31,13.511,
52.302,13.536,
52.346,13.552,
52.202,13.837,
52.244,13.805,
52.224,13.771,
52.243,13.769,
52.256,13.732,
52.284,13.743,
52.295,13.789,
52.314,13.748,
52.257,13.799,
52.267,13.838,
52.13,13.62,
52.15,13.633,
52.172,13.577,
52.147,13.685,
52.053,13.713,
52.068,13.696,
52.117,13.7,
52.075,13.725,
52.183,13.43,
52.216,13.449,
52.166,13.369,
52.167,13.417,
52.233,13.417,
52.267,13.467,
52.229,13.315,
52.273,13.351,
52.245,13.494,
52.222,13.514,
52.252,13.381,
52.212,13.56,
52.194,13.376,
52.19,13.325,
52.321,13.44,
52.337,13.412,
52.325,13.463,
52.357,13.472,
52.396,13.447,
52.301,13.385,
52.36,13.409,
52.367,13.467,
52.367,13.517,
52.291,13.419,
52.05,13.5,
52.103,13.376,
52.164,13.472,
52.141,13.365,
52.155,13.406,
52.15,14.167,
52.173,14.246,
52.167,14.133,
52.129,14.131,
52.036,14.221,
52.117,14.117,
52.133,14.133,
52.067,14.15,
52.2,14.325,
52.2,14.2,
52.267,14.217,
52.2,14.133,
52.117,14.067,
52.1,14.3,
52.117,14.2,
52.117,14.033,
52.283,14.233,
52.05,14.433,
52.133,14.167,
52.106,14.018,
52.083,14.167,
52.083,14.3,
52.183,14.05,
52.267,14.167,
52.2,14.3,
52.217,14.217,
52.133,14.267,
52.267,14.283,
52.05,14.267,
52.05,14.233,
52.217,14.267,
52.167,14.2,
52.1,14.267,
52.133,14.333,
52.183,14.283,
52.167,14.333,
52.083,14.233,
52.267,14.133,
52.217,14.117,
52.1,14.433,
52.083,14.35,
52.183,14.233,
52.167,14.083,
52.15,14.1,
52.117,14.217,
52.094,14.31,
52.15,14.233,
52.083,14.283,
52.117,14.383,
52.233,14.2,
52.183,14.167,
52.15,14.333,
52.2,14.35,
52.2,13.833,
52.167,14.017,
52.233,13.9,
52.217,13.867,
52.167,13.867,
52.233,13.833,
52.25,13.933,
52.283,13.883,
52.267,13.867,
52.233,13.917,
52.2,13.917,
52.251,13.895,
52.283,13.907,
52.271,13.866,
52.224,13.896,
52.161,13.919,
52.233,14.05,
52.2,14.083,
52.216,14.008,
52.005,14.244,
51.991,14.361,
51.985,14.3,
52.018,14.411,
52.038,14.368,
52.075,14.433,
52.15,14.667,
52.15,14.617,
52.117,14.5,
52.15,14.533,
52.129,14.511,
52.16,14.555,
52.133,14.6,
52.15,14.5,
52.2,14.483,
52.183,14.583,
52.2,14.533,
52.194,14.533,
52.182,14.664,
52.083,14.633,
52.1,14.6,
52.05,14.567,
52.033,14.65,
52.033,14.667,
52.067,14.533,
52.064,14.603,
52.107,14.642,
52.017,14.733,
52.067,14.75,
52.05,14.733,
52.067,14.717,
52.1,14.65,
52.067,14.617,
52.05,14.583,
52.067,14.567,
52.067,14.65,
52.05,14.517,
51.946,13.885,
52.033,13.9,
52.09,13.993,
52.052,14.0,
52.026,13.949,
52.019,13.683,
52.067,14.05,
52.059,13.958,
52.046,13.849,
52.061,14.107,
52.093,13.916,
52.091,13.89,
51.985,13.723,
52.133,13.95,
51.956,14.129,
51.975,14.233,
52.019,14.176,
51.914,14.123,
51.985,13.974,
51.953,14.07,
51.879,14.175,
52.024,14.194,
52.009,14.082,
51.997,14.064,
51.974,14.057,
51.917,14.015,
51.909,14.186,
51.978,14.189,
52.018,14.039,
51.927,14.05,
51.956,14.005,
51.934,14.168,
51.945,14.13,
52.027,13.983,
51.928,14.088,
52.038,14.037,
52.029,14.078,
52.036,14.162,
51.818,13.6,
51.833,13.642,
51.778,13.627,
51.75,13.694,
51.943,13.776,
51.813,13.655,
51.85,13.747,
51.852,13.568,
51.958,13.746,
51.83,13.674,
51.871,13.591,
51.937,13.787,
51.927,13.726,
51.803,13.647,
51.898,13.807,
51.82,13.7,
51.822,13.65,
51.773,13.694,
51.806,13.68,
51.808,13.821,
51.818,13.755,
51.791,13.74,
51.894,13.434,
51.95,13.493,
51.941,13.445,
51.907,13.5,
51.959,13.542,
51.972,13.601,
51.917,13.583,
51.933,13.7,
52.834,13.822,
52.833,13.833,
52.776,13.707,
52.902,13.871,
52.887,13.811,
52.727,13.723,
52.769,13.815,
52.915,13.713,
52.858,13.758,
52.967,13.917,
52.979,13.745,
52.975,13.83,
53.029,13.707,
52.962,13.807,
52.951,14.001,
52.866,14.045,
52.813,13.925,
52.933,14.108,
52.933,14.05,
52.862,13.97,
52.834,13.928,
52.874,14.142,
52.724,14.279,
52.834,14.09,
52.844,14.118,
52.805,13.958,
52.837,14.053,
52.787,14.03,
52.807,14.045,
52.764,14.203,
52.68,13.836,
52.794,13.898,
52.762,14.211,
52.717,14.283,
52.73,13.874,
52.779,13.901,
52.75,14.3,
52.767,14.167,
52.768,13.891,
52.767,14.25,
52.779,13.904,
52.701,13.82,
52.764,13.905,
52.835,14.006,
52.74,14.34,
52.771,13.892,
52.735,13.858,
52.745,14.335,
52.697,13.801,
52.774,13.957,
52.783,14.217,
52.755,13.878,
52.777,14.204,
52.783,14.15,
52.8,14.167,
52.76,14.219,
52.74,13.841,
52.723,13.87,
52.693,13.783,
52.8,14.183,
52.806,13.957,
52.759,13.875,
52.753,13.882,
52.751,14.331,
52.693,14.159,
52.7,14.15,
52.721,14.134,
52.675,14.158,
52.659,14.176,
52.7,14.058,
52.983,14.117,
53.015,13.999,
53.111,14.092,
53.077,14.042,
53.0,14.08,
53.062,14.086,
53.12,14.013,
53.087,13.955,
53.037,13.988,
53.025,13.901,
53.053,13.942,
52.973,14.039,
53.008,14.143,
53.097,13.964,
53.053,14.033,
52.968,14.071,
53.081,13.975,
53.069,14.002,
52.981,13.959,
52.975,13.988,
53.111,13.906,
53.095,13.879,
53.143,13.952,
53.066,14.271,
53.179,14.217,
53.196,14.209,
53.05,14.217,
53.189,14.039,
53.211,14.208,
53.144,14.166,
53.205,14.281,
53.206,14.152,
53.158,14.346,
53.184,14.276,
53.251,14.157,
53.179,14.153,
53.143,14.114,
53.097,14.293,
53.28,14.407,
53.306,14.386,
53.3,14.353,
53.247,14.43,
53.272,14.351,
53.2,14.383,
53.23,14.33,
53.273,14.292,
53.254,14.379,
52.728,13.592,
52.677,13.536,
52.682,13.597,
52.663,13.638,
52.721,13.625,
52.735,13.666,
52.603,13.524,
52.625,13.544,
52.651,13.541,
52.797,13.479,
52.852,13.528,
52.792,13.549,
52.842,13.599,
52.824,13.557,
52.778,13.438,
52.742,13.458,
52.9,13.517,
52.654,13.445,
52.713,13.439,
52.678,13.44,
52.622,13.68,
52.577,13.58,
52.596,13.693,
52.633,13.734,
52.664,13.687,
52.833,13.567,
52.563,13.589,
52.637,13.799,
52.636,13.685,
52.571,13.616,
52.766,13.644,
52.761,13.565,
52.768,13.326,
52.756,13.242,
52.86,13.326,
52.755,13.377,
52.784,13.388,
52.815,13.215,
52.826,13.275,
52.73,13.388,
52.803,13.292,
52.795,13.28,
52.661,13.259,
52.676,13.278,
52.683,13.283,
52.635,13.307,
52.636,13.376,
52.713,13.277,
52.88,13.44,
52.913,13.461,
52.84,13.422,
52.871,13.395,
52.673,13.319,
52.74,13.263,
52.665,13.377,
52.656,13.338,
52.691,13.175,
52.583,13.317,
52.636,13.204,
52.762,13.025,
52.75,13.17,
52.723,13.193,
53.048,13.253,
53.102,13.288,
53.063,13.287,
53.106,13.042,
53.049,13.302,
52.967,13.283,
52.896,13.173,
52.999,13.252,
53.019,13.088,
53.004,13.041,
53.007,13.158,
52.967,13.439,
53.011,13.288,
53.007,13.12,
53.1,13.251,
53.036,13.049,
52.944,13.386,
53.055,13.278,
53.137,13.243,
53.067,13.1,
52.983,13.38,
52.999,13.478,
52.978,13.332,
53.24,13.163,
53.186,13.171,
53.187,13.09,
53.178,13.228,
53.153,13.211,
52.928,12.803,
52.938,12.665,
53.091,12.731,
52.85,12.8,
52.85,12.873,
52.817,12.967,
53.05,12.833,
53.006,12.644,
53.007,12.733,
52.929,12.708,
52.903,12.725,
52.7,12.817,
52.948,12.848,
53.05,12.867,
53.05,12.917,
53.1,12.833,
53.183,12.95,
53.083,12.817,
53.183,12.917,
53.05,12.95,
53.15,12.883,
53.1,12.899,
52.75,12.783,
52.782,12.781,
52.767,12.733,
52.783,12.833,
52.813,12.764,
52.8,12.8,
52.717,12.8,
52.8,12.7,
52.75,12.817,
52.767,12.767,
52.85,12.733,
52.85,12.767,
53.033,12.967,
52.934,13.016,
52.881,12.996,
52.903,12.97,
52.94,13.021,
52.975,12.987,
53.033,13.0,
52.933,12.967,
53.217,12.733,
53.15,12.767,
53.133,12.817,
53.133,12.767,
53.117,12.767,
53.183,12.833,
52.85,12.633,
52.875,12.342,
52.892,12.3,
52.85,12.667,
52.917,12.35,
52.825,12.408,
52.853,12.449,
52.877,12.628,
52.803,12.46,
52.857,12.637,
52.886,12.224,
52.791,12.368,
52.957,12.139,
53.019,12.375,
53.012,12.319,
52.991,12.185,
52.995,12.133,
53.027,12.24,
52.978,12.111,
52.944,12.201,
52.983,12.4,
52.924,12.234,
53.012,12.084,
53.025,12.508,
52.95,12.292,
53.033,12.45,
52.9,12.233,
52.959,12.25,
53.031,12.286,
52.974,12.293,
52.983,12.25,
52.962,12.182,
52.981,12.327,
52.883,12.467,
53.117,12.533,
53.25,12.35,
53.067,12.55,
53.083,12.467,
53.133,12.517,
53.183,12.55,
53.083,12.4,
53.25,12.433,
53.155,12.487,
53.25,12.65,
53.067,12.467,
53.117,12.617,
53.067,12.433,
53.2,12.617,
53.133,12.583,
53.183,12.35,
53.117,12.383,
53.145,12.363,
53.217,12.433,
53.167,12.433,
53.183,12.4,
53.15,12.4,
53.05,12.567,
53.133,12.433,
53.183,12.633,
53.2,12.333,
53.217,12.583,
53.283,12.35,
53.15,12.267,
53.038,12.129,
53.1,12.278,
53.075,12.185,
53.187,12.265,
53.083,12.367,
53.095,12.131,
53.12,12.05,
53.118,12.107,
53.062,12.093,
53.05,12.367,
53.151,12.221,
53.245,12.198,
53.199,12.117,
53.082,12.151,
53.117,12.184,
53.149,12.174,
53.036,12.062,
53.059,12.233,
53.047,12.187,
53.162,12.307,
53.168,12.033,
53.033,12.171,
53.148,12.094,
53.139,12.236,
53.206,12.203,
53.313,12.242,
53.233,12.28,
53.32,12.123,
53.242,12.158,
53.249,12.042,
53.217,12.1,
53.047,13.442,
53.126,13.546,
53.071,13.432,
53.171,13.562,
53.17,13.748,
53.05,13.53,
53.183,13.667,
53.023,13.481,
53.173,13.441,
53.112,13.642,
53.114,13.389,
53.102,13.444,
53.197,13.603,
53.255,13.587,
53.142,13.833,
52.993,13.525,
53.08,13.742,
53.162,13.625,
53.145,13.378,
53.049,13.603,
53.212,13.315,
53.317,13.95,
53.212,14.008,
53.414,13.986,
53.406,13.916,
53.316,13.863,
53.367,14.068,
53.367,13.95,
53.27,13.605,
53.258,13.967,
53.306,14.056,
53.212,13.887,
53.4,14.125,
53.457,13.781,
53.066,11.354,
53.09,11.293,
53.153,11.589,
53.114,11.439,
53.074,11.599,
53.083,11.483,
52.917,11.867,
53.0,11.8,
53.005,11.823,
53.025,11.787,
53.005,11.75,
53.033,11.667,
52.911,11.978,
52.956,11.949,
52.996,12.055,
53.013,12.028,
52.914,12.085,
52.91,12.169,
52.922,12.139,
53.217,11.9,
53.163,11.916,
53.148,12.011,
53.076,11.857,
53.114,11.995,
53.053,11.958,
53.233,11.867,
53.109,11.723,
53.189,11.928,
53.06,12.019,
53.097,12.004,
53.146,11.615,
53.132,11.666,
53.197,11.579,
53.162,11.742,
53.184,11.679,
52.532,13.385,
52.531,13.405,
52.521,13.41,
52.512,13.416,
52.512,13.439,
52.501,13.465,
52.516,13.466,
52.524,13.443,
52.513,13.515,
52.498,13.491,
52.483,13.529,
52.499,13.519,
52.521,13.497,
52.525,13.482,
52.529,13.47,
52.535,13.426,
52.534,13.449,
52.544,13.441,
52.538,13.411,
52.545,13.413,
52.552,13.412,
52.531,13.337,
52.531,13.322,
52.522,13.335,
52.523,13.359,
52.53,13.35,
52.515,13.306,
52.518,13.319,
52.528,13.306,
52.509,13.327,
52.51,13.315,
52.508,13.303,
52.503,13.309,
52.497,13.314,
52.494,13.303,
52.498,13.29,
52.485,13.313,
52.482,13.329,
52.491,13.328,
52.499,13.326,
52.498,13.343,
52.492,13.339,
52.494,13.353,
52.496,13.362,
52.507,13.364,
52.508,13.344,
52.502,13.338,
52.487,13.351,
52.484,13.341,
52.484,13.354,
52.476,13.361,
52.493,13.398,
52.5,13.381,
52.49,13.416,
52.502,13.401,
52.501,13.436,
52.497,13.427,
52.518,13.376,
52.48,13.437,
52.486,13.439,
52.49,13.428,
52.476,13.422,
52.467,13.43,
52.477,13.432,
52.471,13.449,
52.468,13.463,
52.481,13.451,
52.464,13.402,
52.478,13.379,
52.464,13.375,
52.449,13.371,
52.431,13.392,
52.447,13.399,
52.465,13.346,
52.474,13.337,
52.47,13.327,
52.463,13.319,
52.456,13.315,
52.449,13.334,
52.455,13.344,
52.444,13.31,
52.434,13.294,
52.42,13.313,
52.418,13.329,
52.44,13.346,
52.426,13.352,
52.413,13.375,
52.411,13.353,
52.403,13.402,
52.389,13.391,
52.391,13.417,
52.451,13.428,
52.425,13.422,
52.433,13.456,
52.423,13.459,
52.411,13.498,
52.429,13.491,
52.447,13.453,
52.487,13.467,
52.462,13.482,
52.453,13.529,
52.466,13.528,
52.444,13.505,
52.436,13.543,
52.413,13.542,
52.398,13.564,
52.386,13.634,
52.517,13.4,
52.463,13.579,
52.43,13.592,
52.415,13.663,
52.459,13.636,
52.444,13.703,
52.523,13.588,
52.503,13.588,
52.503,13.617,
52.537,13.614,
52.541,13.59,
52.55,13.566,
52.537,13.537,
52.508,13.559,
52.539,13.565,
52.556,13.565,
52.566,13.568,
52.567,13.333,
52.581,13.491,
52.55,13.505,
52.54,13.496,
52.571,13.541,
52.581,13.522,
52.556,13.448,
52.56,13.471,
52.571,13.441,
52.633,13.483,
52.62,13.438,
52.592,13.458,
52.582,13.4,
52.593,13.383,
52.623,13.398,
52.569,13.408,
52.564,13.422,
52.549,13.366,
52.558,13.347,
52.551,13.333,
52.542,13.35,
52.542,13.39,
52.55,13.383,
52.56,13.385,
52.574,13.322,
52.56,13.297,
52.573,13.351,
52.568,13.371,
52.602,13.346,
52.59,13.328,
52.598,13.358,
52.64,13.29,
52.617,13.307,
52.612,13.342,
52.612,13.249,
52.584,13.24,
52.577,13.272,
52.589,13.301,
52.531,13.179,
52.544,13.182,
52.548,13.205,
52.577,13.185,
52.557,13.168,
52.535,13.14,
52.515,13.167,
52.512,13.196,
52.527,13.22,
52.546,13.235,
52.54,13.299,
52.542,13.266,
52.521,13.268,
52.516,13.257,
52.516,13.239,
52.502,13.245,
52.507,13.288,
52.52,13.288,
52.471,13.152,
52.42,13.144,
52.446,13.203,
52.437,13.239,
52.417,13.254,
52.421,13.277,
52.45,13.257,
52.483,13.236,
52.459,13.283,
52.473,13.312,
52.478,13.295,
53.569,8.574,
53.529,8.591,
53.5,8.605,
53.53,8.61,
53.554,8.593,
53.589,8.598,
53.569,8.597,
53.089,8.791,
53.085,8.746,
53.062,8.79,
53.058,8.804,
53.071,8.832,
53.071,8.846,
53.069,8.87,
53.084,8.827,
53.086,8.855,
53.109,8.781,
53.093,8.807,
53.094,8.783,
53.104,8.787,
53.117,8.759,
53.124,8.746,
53.054,8.746,
53.048,8.838,
53.044,8.956,
53.051,8.89,
53.081,8.893,
53.081,8.872,
53.1,8.903,
53.118,8.895,
53.1,8.875,
53.173,8.704,
53.173,8.713,
53.554,9.995,
53.552,10.0,
53.544,10.013,
53.556,10.014,
53.545,9.995,
53.548,10.019,
53.547,10.031,
53.558,10.011,
53.574,9.975,
53.572,9.95,
53.576,9.987,
53.569,9.985,
53.583,9.981,
53.567,9.98,
53.567,9.998,
53.579,9.993,
53.589,9.99,
53.589,9.981,
53.595,10.012,
53.611,10.013,
53.603,9.956,
53.581,9.968,
53.582,9.972,
53.577,9.949,
53.591,9.94,
53.575,9.945,
53.561,9.945,
53.571,9.953,
53.557,9.99,
53.551,9.97,
53.55,9.979,
53.557,9.98,
53.564,9.968,
53.55,9.935,
53.551,9.966,
53.53,9.988,
53.539,9.961,
53.534,9.981,
53.55,9.984,
53.555,10.033,
53.56,10.051,
53.56,10.049,
53.549,10.051,
53.551,10.057,
53.553,10.051,
53.536,10.037,
53.528,10.022,
53.539,10.034,
53.498,10.019,
53.483,10.221,
53.453,10.235,
53.431,10.268,
53.486,10.227,
53.509,10.198,
53.506,10.204,
53.505,10.152,
53.507,10.126,
53.484,10.125,
53.488,10.145,
53.451,10.142,
53.481,10.066,
53.472,10.094,
53.494,10.08,
53.446,10.221,
53.44,10.172,
53.468,10.144,
53.443,10.251,
53.459,9.981,
53.451,9.935,
53.458,9.973,
53.465,9.959,
53.444,9.984,
53.47,9.893,
53.457,9.93,
53.433,9.952,
53.421,9.988,
53.432,10.009,
53.434,9.959,
53.433,9.991,
53.467,10.03,
53.488,9.93,
53.462,10.011,
53.451,10.019,
53.51,9.978,
53.501,10.014,
53.522,9.8,
53.529,9.921,
53.519,9.899,
53.53,9.869,
53.536,9.78,
53.508,9.854,
53.505,9.921,
53.484,9.851,
53.477,9.846,
53.453,9.862,
53.574,10.076,
53.559,10.086,
53.587,10.117,
53.579,10.086,
53.577,10.128,
53.569,10.121,
53.583,10.127,
53.612,10.089,
53.588,10.09,
53.581,10.059,
53.583,10.062,
53.571,10.019,
53.58,10.044,
53.576,10.047,
53.575,10.034,
53.577,10.019,
53.566,10.025,
53.563,10.026,
53.566,10.047,
53.569,10.059,
53.54,10.103,
53.528,10.093,
53.554,10.103,
53.541,10.124,
53.528,10.147,
53.539,10.128,
53.55,10.109,
53.606,10.167,
53.609,10.193,
53.623,10.176,
53.607,10.161,
53.611,10.136,
53.589,10.169,
53.615,10.116,
53.608,10.127,
53.652,10.117,
53.622,10.083,
53.606,10.069,
53.616,10.057,
53.606,10.083,
53.602,10.025,
53.596,10.051,
53.609,9.987,
53.596,10.002,
53.584,10.003,
53.584,10.027,
53.589,10.048,
53.599,10.042,
53.607,10.047,
53.622,10.041,
53.627,10.014,
53.629,10.016,
53.628,10.035,
53.654,10.049,
53.651,10.043,
53.656,10.166,
53.667,10.131,
53.65,10.184,
53.656,10.074,
53.643,10.09,
53.642,10.082,
53.647,10.116,
53.702,10.131,
53.671,10.123,
53.707,10.094,
53.704,10.117,
53.681,10.087,
53.664,10.072,
53.645,10.008,
53.663,10.008,
53.667,10.034,
53.666,10.006,
53.619,9.961,
53.608,9.969,
53.641,9.955,
53.636,9.931,
53.605,9.916,
53.638,9.912,
53.624,9.924,
53.611,9.903,
53.592,9.92,
53.594,9.874,
53.57,9.909,
53.593,9.94,
53.602,9.959,
53.574,9.852,
53.589,9.883,
53.582,9.856,
53.585,9.756,
53.593,9.765,
53.565,9.8,
53.557,9.803,
53.55,9.863,
53.586,9.799,
53.578,9.828,
53.583,9.808,
53.551,9.885,
53.555,9.888,
53.566,9.879,
53.571,9.874,
53.57,9.865,
53.566,9.912,
53.552,9.908,
53.555,9.918,
53.553,9.936,
53.551,9.943,
53.562,9.957,
53.917,8.5,
53.548,13.255,
53.576,13.28,
53.554,13.297,
53.607,13.291,
53.597,13.369,
53.608,13.231,
53.702,13.457,
53.583,13.197,
53.628,13.404,
53.652,13.279,
53.578,13.131,
53.553,13.367,
53.621,13.337,
53.574,13.394,
53.544,13.169,
53.671,13.37,
53.694,13.265,
53.75,13.187,
53.717,13.357,
53.774,13.273,
53.713,13.291,
53.791,13.28,
53.696,13.339,
53.79,13.335,
53.817,13.346,
53.789,13.168,
53.733,13.381,
53.652,13.124,
53.645,13.228,
53.59,13.085,
53.707,13.102,
53.63,13.166,
53.762,13.105,
53.716,13.186,
53.724,13.143,
53.68,13.082,
53.734,13.049,
53.63,13.039,
53.631,13.066,
53.479,13.431,
53.473,13.225,
53.465,13.271,
53.539,13.395,
53.458,13.358,
53.438,13.302,
53.496,13.311,
53.521,13.435,
53.67,13.554,
53.595,13.498,
53.627,13.499,
53.73,13.443,
53.643,13.467,
53.608,13.595,
53.588,13.431,
53.908,13.031,
53.765,13.02,
53.897,13.146,
53.819,13.177,
53.891,13.122,
53.81,12.967,
53.828,13.053,
53.899,12.948,
53.962,12.959,
53.794,12.892,
53.816,13.142,
53.858,13.117,
53.88,12.918,
53.794,13.1,
53.927,13.113,
53.758,12.975,
53.938,12.988,
53.861,13.149,
53.935,12.929,
53.815,12.917,
53.788,13.021,
53.852,12.958,
53.923,13.155,
53.976,13.136,
53.991,13.271,
54.024,13.188,
53.944,13.145,
53.98,13.197,
54.016,13.069,
53.924,13.34,
53.873,13.292,
53.876,13.212,
53.946,13.273,
53.878,13.336,
53.901,13.241,
53.916,13.248,
53.845,13.244,
53.84,13.301,
53.754,12.697,
53.705,12.793,
53.643,12.684,
53.698,12.745,
53.637,12.787,
53.698,12.681,
53.768,12.834,
53.74,12.765,
53.621,12.985,
53.647,12.83,
53.711,12.969,
53.661,12.905,
53.602,12.956,
53.625,12.904,
53.757,12.898,
53.661,12.965,
53.694,12.852,
53.697,12.905,
53.823,12.79,
53.868,12.819,
53.95,12.814,
53.954,12.879,
53.901,12.85,
53.902,12.896,
53.815,12.502,
53.802,12.651,
53.775,12.575,
53.721,12.544,
53.661,12.581,
53.712,12.626,
53.69,12.601,
53.779,12.505,
53.751,12.492,
53.825,12.562,
53.889,12.462,
53.906,12.664,
53.841,12.454,
53.874,12.552,
53.838,12.583,
53.907,12.609,
53.862,12.502,
53.839,12.62,
53.878,12.616,
53.843,12.732,
53.909,12.489,
53.899,12.74,
53.94,12.781,
53.969,12.711,
53.952,12.551,
53.986,12.596,
53.937,12.647,
54.029,12.665,
53.996,12.768,
53.567,12.783,
53.584,12.86,
53.511,12.783,
53.581,12.782,
53.478,12.621,
53.515,12.719,
53.513,12.84,
53.6,12.758,
53.537,12.786,
53.585,12.734,
53.546,12.851,
53.611,12.423,
53.554,12.639,
53.615,12.668,
53.538,12.545,
53.579,12.529,
53.569,12.595,
53.644,12.488,
53.631,12.573,
53.641,12.644,
53.636,12.541,
53.405,12.545,
53.416,12.591,
53.379,12.668,
53.317,12.565,
53.354,12.577,
53.386,12.601,
53.409,12.381,
53.388,12.393,
53.275,12.594,
53.275,12.458,
53.306,12.656,
53.384,12.506,
53.379,12.337,
53.302,12.491,
53.346,12.484,
53.326,12.689,
53.446,12.558,
53.355,12.357,
53.274,12.644,
53.432,12.313,
53.315,12.422,
53.42,12.466,
53.32,12.368,
53.302,12.619,
53.29,12.517,
53.367,12.475,
53.355,12.441,
53.447,12.363,
53.443,12.425,
53.463,12.481,
53.475,12.422,
53.435,12.502,
53.408,12.415,
53.479,12.511,
53.513,12.346,
53.534,12.424,
53.52,12.44,
53.546,13.09,
53.535,13.069,
53.52,13.129,
53.504,13.084,
53.537,13.137,
53.498,13.163,
53.482,13.035,
53.535,13.034,
53.5,13.022,
53.553,12.991,
53.48,12.967,
53.526,12.998,
53.524,12.929,
53.361,13.073,
53.404,13.268,
53.357,13.243,
53.453,13.028,
53.344,13.31,
53.391,13.314,
53.442,13.098,
53.414,13.12,
53.257,13.154,
53.267,13.2,
53.389,13.342,
53.429,12.941,
53.339,12.98,
53.336,12.725,
53.293,12.747,
53.224,12.785,
53.204,12.835,
53.334,12.883,
53.275,12.815,
53.228,12.97,
53.28,12.969,
53.218,13.037,
53.339,13.419,
53.467,13.9,
53.58,13.94,
53.571,14.15,
53.526,14.085,
53.5,14.059,
53.44,14.061,
53.506,13.99,
53.496,13.947,
53.549,14.04,
53.44,13.922,
53.442,13.973,
53.531,14.132,
53.473,13.978,
53.547,13.97,
53.444,14.018,
53.494,14.09,
53.544,13.905,
53.413,14.289,
53.454,14.211,
53.584,14.247,
53.443,14.168,
53.464,14.265,
53.519,14.204,
53.535,14.29,
53.379,14.274,
53.52,14.249,
53.474,14.126,
53.456,14.317,
53.414,14.335,
53.371,14.328,
53.491,14.245,
53.512,14.306,
53.297,14.236,
53.315,14.217,
53.344,14.265,
53.332,14.35,
53.51,13.745,
53.62,13.706,
53.536,13.832,
53.532,13.875,
53.554,13.7,
53.553,13.838,
53.5,13.467,
53.461,13.584,
53.502,13.651,
53.473,13.642,
53.481,13.514,
53.582,13.572,
53.506,13.594,
53.554,13.505,
53.536,13.594,
53.53,13.506,
53.559,13.65,
53.675,14.035,
53.634,14.014,
53.601,13.98,
53.68,14.08,
53.738,14.045,
53.704,13.944,
53.719,14.028,
53.755,14.016,
53.774,13.893,
53.707,14.16,
53.741,14.265,
53.768,13.969,
53.67,14.186,
53.631,14.258,
53.733,14.175,
53.644,13.922,
53.705,13.836,
53.661,13.887,
53.642,13.858,
53.726,13.882,
53.73,13.835,
53.713,13.79,
53.594,13.824,
53.613,13.779,
53.856,13.69,
53.925,13.553,
53.907,13.742,
53.935,13.723,
53.894,13.593,
53.93,13.633,
53.888,13.675,
53.835,13.575,
53.796,13.43,
53.886,13.467,
53.819,13.548,
53.8,13.367,
53.867,13.567,
53.839,13.53,
53.86,13.434,
53.881,13.408,
53.845,13.396,
53.83,13.449,
53.724,13.594,
53.824,13.615,
53.751,13.628,
53.769,13.453,
53.812,13.678,
53.713,13.545,
53.778,13.517,
53.835,13.646,
53.799,13.572,
53.769,13.577,
53.716,13.655,
53.833,13.756,
53.789,13.832,
53.793,13.752,
53.737,13.678,
53.769,13.705,
53.717,13.725,
53.742,13.786,
53.764,13.782,
53.875,13.924,
53.925,13.971,
53.946,13.927,
53.867,14.0,
53.92,14.161,
53.873,14.207,
53.887,14.066,
53.882,14.169,
53.933,14.2,
53.891,14.139,
53.95,14.167,
53.941,14.072,
53.939,14.038,
53.967,14.15,
53.922,14.012,
53.969,14.067,
54.053,13.772,
54.117,13.751,
54.029,13.731,
54.035,13.785,
53.949,13.852,
53.978,13.755,
54.08,13.742,
53.922,13.863,
54.048,13.846,
54.011,13.879,
54.004,13.692,
53.955,13.793,
54.111,13.832,
54.085,13.865,
54.077,13.832,
54.136,13.772,
54.067,13.9,
54.064,13.954,
54.013,14.049,
54.023,14.008,
54.052,14.002,
54.088,13.388,
54.083,13.406,
54.09,13.446,
53.977,13.549,
54.013,13.479,
54.016,13.594,
53.972,13.61,
53.949,13.528,
54.009,13.636,
54.089,13.269,
54.014,13.357,
54.148,13.318,
54.054,13.41,
54.053,13.476,
54.083,13.333,
54.046,13.292,
54.103,13.345,
54.005,13.39,
54.051,13.392,
53.977,13.404,
53.914,13.499,
53.948,13.489,
53.963,13.45,
53.932,13.354,
53.964,13.374,
53.939,13.409,
54.113,13.616,
54.112,13.528,
54.135,13.617,
54.045,13.543,
54.105,13.565,
54.099,13.7,
54.047,13.677,
54.066,13.61,
54.077,13.535,
54.087,12.154,
54.087,12.106,
54.068,12.119,
54.035,12.133,
54.017,12.1,
53.994,12.039,
54.102,12.016,
54.108,12.069,
54.083,12.133,
54.144,12.033,
54.158,12.017,
54.147,12.069,
54.128,12.176,
54.124,12.124,
54.251,12.251,
54.177,12.243,
54.187,12.289,
54.168,12.344,
54.115,12.205,
54.203,12.302,
54.071,12.204,
54.134,12.243,
54.095,12.303,
54.108,12.31,
54.153,12.368,
54.081,11.913,
54.136,12.305,
54.114,12.297,
54.078,12.376,
54.088,12.522,
53.991,12.496,
54.028,12.465,
54.036,12.56,
54.079,12.511,
54.047,12.63,
53.99,12.359,
54.058,12.492,
54.016,12.599,
54.006,12.191,
54.03,12.329,
54.009,12.152,
53.986,12.219,
54.015,12.228,
54.062,12.18,
54.052,12.053,
54.041,12.023,
54.089,11.851,
54.123,11.787,
54.107,11.9,
54.105,11.822,
54.081,11.979,
54.045,11.878,
54.13,11.999,
54.161,11.953,
54.142,11.925,
54.15,11.75,
54.075,11.701,
54.126,11.697,
54.1,11.617,
54.094,11.789,
54.032,11.672,
53.99,11.704,
54.039,11.62,
54.024,11.661,
53.989,11.738,
54.013,11.711,
53.998,11.607,
53.965,11.701,
54.007,11.772,
54.038,11.592,
54.044,11.737,
54.042,11.821,
54.07,11.795,
54.027,11.797,
54.005,11.993,
54.029,11.914,
54.009,11.935,
54.042,11.947,
53.989,11.891,
53.966,11.853,
53.954,11.897,
53.938,11.966,
53.835,12.046,
53.821,11.94,
53.848,11.983,
53.861,11.945,
53.812,11.878,
53.844,11.924,
53.779,12.018,
53.786,11.881,
53.904,11.887,
53.915,11.926,
53.787,11.969,
53.908,12.071,
53.947,12.15,
53.941,12.107,
53.899,12.155,
53.976,12.102,
53.879,12.072,
53.964,12.052,
53.797,12.173,
53.863,12.299,
53.839,12.143,
53.672,12.176,
53.716,12.061,
53.755,12.034,
53.769,12.103,
53.764,12.214,
53.885,12.145,
53.683,12.094,
53.82,12.068,
53.821,12.285,
53.76,12.135,
53.716,12.138,
53.846,12.096,
53.858,12.232,
53.686,12.436,
53.843,12.343,
53.776,12.407,
53.758,12.39,
53.709,12.189,
53.617,12.332,
53.652,12.27,
53.682,12.362,
53.617,12.345,
53.728,12.273,
53.931,12.408,
53.954,12.261,
53.839,12.426,
53.911,12.195,
53.887,12.338,
53.867,12.363,
53.899,12.277,
53.926,12.347,
53.96,12.318,
54.242,12.457,
54.302,12.583,
54.325,12.683,
54.34,12.773,
54.295,12.719,
54.304,12.609,
54.31,12.499,
54.112,12.529,
54.222,12.683,
54.25,12.567,
54.251,12.623,
54.047,12.691,
54.161,12.724,
54.111,12.661,
54.181,12.657,
54.079,12.722,
54.067,12.674,
54.129,12.589,
54.154,12.573,
54.383,12.433,
54.3,12.367,
54.347,12.398,
54.361,12.602,
54.364,12.725,
54.378,12.674,
54.436,12.689,
54.433,12.583,
54.409,12.581,
54.427,12.547,
54.327,13.064,
54.304,13.046,
54.302,13.093,
54.255,13.077,
54.332,12.843,
54.344,12.862,
54.233,12.932,
54.296,12.882,
54.315,12.925,
54.301,12.969,
54.226,12.989,
54.282,13.031,
54.355,12.956,
54.369,13.024,
54.35,12.989,
54.354,13.054,
54.388,12.948,
54.404,13.013,
54.201,12.894,
54.197,12.823,
54.227,12.787,
54.185,12.882,
54.15,12.885,
54.096,12.757,
54.14,12.8,
54.15,12.754,
54.302,12.791,
54.272,12.811,
54.112,13.04,
54.147,12.981,
54.237,13.101,
54.2,13.136,
54.184,13.071,
54.214,13.075,
54.157,13.079,
54.074,12.943,
54.02,12.925,
54.065,12.883,
54.124,12.931,
54.036,12.874,
54.044,12.822,
54.076,13.133,
54.212,13.252,
54.175,13.275,
54.2,13.194,
54.169,13.172,
54.136,13.222,
54.239,13.169,
54.418,13.434,
54.482,13.507,
54.45,13.39,
54.472,13.448,
54.438,13.399,
54.389,13.54,
54.509,13.384,
54.43,13.471,
54.465,13.396,
54.438,13.448,
54.513,13.62,
54.569,13.466,
54.583,13.611,
54.526,13.554,
54.674,13.418,
54.62,13.289,
54.631,13.228,
54.636,13.343,
54.615,13.363,
54.549,13.104,
54.472,13.303,
54.443,13.212,
54.514,13.167,
54.544,13.332,
54.521,13.256,
54.456,13.257,
54.33,13.126,
54.356,13.204,
54.355,13.293,
54.403,13.294,
54.353,13.371,
54.298,13.275,
54.303,13.213,
54.261,13.35,
54.318,13.351,
54.355,13.476,
54.31,13.684,
54.367,13.633,
54.379,13.674,
54.33,13.705,
54.277,13.716,
54.35,13.7,
54.333,13.733,
54.383,13.617,
53.631,11.409,
53.644,11.41,
53.638,11.377,
53.641,11.39,
53.599,11.404,
53.601,11.443,
53.619,11.543,
53.635,11.568,
53.602,11.546,
53.601,11.505,
53.697,11.527,
53.729,11.504,
53.757,11.571,
53.663,11.499,
53.658,11.547,
53.683,11.335,
53.759,11.414,
53.693,11.433,
53.71,11.329,
53.747,11.341,
53.711,11.372,
53.706,11.275,
53.676,11.244,
53.739,11.272,
53.622,11.275,
53.629,11.33,
53.544,11.217,
53.605,11.346,
53.577,11.271,
53.576,11.205,
53.575,11.304,
53.541,11.354,
53.531,11.304,
53.568,11.358,
53.509,11.375,
53.457,11.431,
53.477,11.437,
53.489,11.461,
53.544,11.562,
53.468,11.499,
53.525,11.523,
53.551,11.509,
53.573,11.652,
53.572,11.731,
53.592,11.768,
53.523,11.648,
53.553,11.666,
53.596,11.696,
53.535,11.611,
53.612,11.608,
53.531,11.707,
53.63,11.766,
53.701,11.117,
53.649,11.146,
53.708,11.225,
53.65,10.967,
53.611,11.023,
53.693,11.014,
53.758,11.25,
53.651,11.061,
53.749,11.183,
53.586,11.177,
53.612,11.12,
53.654,11.176,
53.623,11.15,
53.631,11.249,
53.742,10.986,
53.792,11.013,
53.775,10.865,
53.765,11.096,
53.73,11.063,
53.759,10.938,
53.771,11.025,
53.734,10.826,
53.765,10.976,
53.779,11.049,
53.733,10.873,
53.759,10.823,
53.75,11.05,
53.776,11.115,
53.719,10.922,
53.768,10.771,
53.808,11.054,
53.466,11.162,
53.379,11.078,
53.349,11.203,
53.327,11.205,
53.494,11.338,
53.385,11.248,
53.479,11.147,
53.512,11.243,
53.419,11.138,
53.379,11.149,
53.35,11.3,
53.4,11.138,
53.396,11.316,
53.441,11.279,
53.419,11.233,
53.334,11.268,
53.513,11.194,
53.411,11.082,
53.348,11.347,
53.482,11.36,
53.422,11.303,
53.534,11.112,
53.547,11.191,
53.577,11.104,
53.521,11.154,
53.506,11.081,
53.522,11.012,
53.538,11.043,
53.586,11.039,
53.488,11.025,
53.443,11.063,
53.567,11.033,
53.501,10.998,
53.532,10.891,
53.569,10.996,
53.603,10.953,
53.498,10.95,
53.464,10.969,
53.551,10.915,
53.526,10.843,
53.549,10.972,
53.338,11.143,
53.317,11.008,
53.301,11.084,
53.27,11.087,
53.38,10.788,
53.429,10.683,
53.382,10.724,
53.418,10.849,
53.403,10.822,
53.407,10.654,
53.4,10.85,
53.477,10.799,
53.343,10.859,
53.493,10.833,
53.429,10.746,
53.409,10.913,
53.447,10.885,
53.414,11.005,
53.401,10.967,
53.382,10.891,
53.438,10.935,
53.333,10.827,
53.361,11.022,
53.364,10.952,
53.306,11.367,
53.278,11.288,
53.346,11.549,
53.416,11.451,
53.33,11.386,
53.403,11.502,
53.318,11.308,
53.278,11.367,
53.445,11.481,
53.329,11.497,
53.345,11.405,
53.217,11.367,
53.175,11.294,
53.187,11.461,
53.248,11.371,
53.167,11.449,
53.241,11.319,
53.22,11.488,
53.232,11.418,
53.23,11.344,
53.211,11.327,
53.288,11.489,
53.217,11.376,
53.217,11.383,
53.233,11.267,
53.266,11.716,
53.314,11.687,
53.263,11.675,
53.191,11.541,
53.273,11.622,
53.159,11.544,
53.283,11.683,
53.287,11.737,
53.28,11.565,
53.25,11.598,
53.236,11.14,
53.229,11.202,
53.141,11.25,
53.121,11.357,
53.152,11.184,
53.201,11.182,
53.173,11.229,
53.379,11.593,
53.362,11.666,
53.383,11.666,
53.243,11.767,
53.426,11.849,
53.364,11.797,
53.447,11.704,
53.338,11.8,
53.324,11.765,
53.262,11.81,
53.445,11.949,
53.407,11.719,
53.474,11.915,
53.359,11.739,
53.296,11.814,
53.591,11.853,
53.528,11.751,
53.44,11.754,
53.497,11.671,
53.504,11.772,
53.481,11.684,
53.563,11.821,
53.531,11.928,
53.487,11.771,
53.58,11.927,
53.515,11.863,
53.317,11.93,
53.387,11.938,
53.353,11.895,
53.31,11.971,
53.446,12.132,
53.501,12.008,
53.503,11.943,
53.361,12.096,
53.437,12.011,
53.407,12.055,
53.508,12.133,
53.507,12.053,
53.4,12.125,
53.466,12.108,
53.463,12.029,
53.458,12.001,
53.538,12.258,
53.339,12.272,
53.404,12.215,
53.458,12.262,
53.383,12.249,
53.465,12.179,
53.369,12.195,
53.497,12.209,
53.575,12.13,
53.55,12.067,
53.578,12.029,
53.589,12.089,
53.623,12.075,
53.587,11.988,
53.553,12.165,
53.749,11.819,
53.695,11.973,
53.712,11.827,
53.679,11.809,
53.664,11.95,
53.661,11.9,
53.629,11.892,
53.723,11.921,
53.737,11.715,
53.721,11.612,
53.758,11.654,
53.718,11.749,
53.669,11.664,
53.77,11.711,
53.759,11.674,
53.8,11.705,
53.784,11.642,
53.788,11.581,
53.78,11.777,
53.804,11.6,
53.821,10.986,
53.809,10.894,
53.834,10.87,
53.816,10.928,
53.832,10.813,
53.844,10.933,
53.846,11.011,
53.841,10.893,
53.829,11.117,
53.777,11.27,
53.806,11.148,
53.836,11.269,
53.86,11.126,
53.842,11.047,
53.882,11.076,
53.888,11.211,
53.859,11.049,
53.863,11.192,
53.794,11.221,
53.914,11.066,
53.82,11.216,
53.97,11.045,
53.911,10.976,
53.949,10.924,
53.958,10.975,
53.988,11.202,
53.983,11.217,
53.902,11.263,
53.965,11.164,
53.929,11.153,
53.91,11.138,
53.993,11.124,
53.888,11.462,
53.892,11.464,
53.902,11.404,
53.921,11.317,
53.9,11.38,
53.926,11.376,
53.867,11.373,
53.874,11.449,
53.911,11.585,
53.854,11.433,
53.853,11.524,
53.85,11.467,
53.813,11.45,
53.824,11.571,
53.99,11.534,
54.017,11.561,
53.944,11.534,
53.91,11.532,
53.945,11.588,
53.865,11.685,
53.912,11.737,
53.864,11.614,
53.922,11.675,
53.857,11.732,
53.956,11.77,
53.785,11.511,
53.804,11.359,
53.771,11.472,
53.815,11.336,
53.828,11.388,
54.0,11.433,
53.286,10.928,
53.419,10.021,
53.4,9.967,
53.366,10.048,
53.407,9.926,
53.336,9.961,
53.35,9.983,
53.326,9.868,
53.303,9.763,
53.267,9.683,
53.283,9.717,
53.3,9.7,
53.226,9.68,
53.246,9.839,
53.317,9.667,
53.24,9.742,
53.24,9.802,
53.31,9.953,
53.293,9.979,
53.267,10.017,
53.193,10.063,
53.197,9.976,
53.349,9.772,
53.331,9.757,
53.367,9.717,
53.391,9.746,
53.233,10.408,
53.256,10.44,
53.26,10.397,
53.29,10.734,
53.294,10.388,
53.35,10.4,
53.333,10.383,
53.283,10.317,
53.275,10.354,
53.282,10.438,
53.15,10.75,
53.2,10.75,
53.188,10.736,
53.174,10.814,
53.21,10.819,
53.228,10.123,
53.2,10.15,
53.237,10.101,
53.223,10.17,
53.321,10.574,
53.286,10.53,
53.292,10.502,
53.333,10.533,
53.372,10.488,
53.333,10.45,
53.106,10.221,
53.124,10.213,
53.15,10.217,
53.138,10.313,
53.143,10.148,
53.254,10.318,
53.25,10.35,
53.221,10.336,
53.233,10.25,
53.217,10.3,
53.233,10.3,
53.396,10.411,
53.198,10.546,
53.229,10.522,
53.265,10.621,
53.234,10.573,
53.233,10.667,
53.217,10.467,
53.183,10.4,
53.133,10.367,
53.2,10.433,
53.176,10.346,
53.348,10.207,
53.417,10.267,
53.384,10.111,
53.415,10.375,
53.3,10.049,
53.312,10.004,
53.285,10.161,
53.264,10.114,
53.267,10.217,
53.3,10.15,
53.341,10.347,
53.317,10.283,
53.367,10.55,
53.344,10.589,
53.467,9.686,
53.423,9.79,
53.532,9.681,
53.483,9.6,
53.483,9.567,
53.507,9.575,
53.517,9.6,
53.433,9.617,
53.417,9.617,
53.383,9.6,
53.355,9.598,
53.406,9.699,
53.383,9.65,
53.591,9.485,
53.608,9.469,
53.6,9.483,
53.561,9.532,
53.467,9.45,
53.454,9.503,
53.45,9.383,
53.4,9.45,
53.71,9.385,
53.625,9.266,
53.614,9.305,
53.59,9.35,
53.667,9.333,
53.683,9.267,
53.617,9.367,
53.529,9.444,
53.524,9.403,
53.542,9.623,
53.566,9.611,
53.569,9.612,
53.549,9.61,
53.6,9.55,
53.606,9.206,
53.583,9.333,
53.583,9.25,
53.576,9.203,
53.833,9.283,
53.833,9.133,
53.831,9.204,
53.803,9.237,
53.783,9.317,
53.533,9.55,
53.687,9.155,
53.64,9.239,
53.7,9.2,
53.778,8.941,
53.809,8.901,
53.777,8.894,
53.767,8.833,
53.583,9.1,
53.633,9.1,
53.6,9.067,
53.65,9.033,
53.661,8.972,
53.683,8.883,
53.696,8.943,
53.733,8.917,
53.75,8.8,
53.769,9.063,
53.746,8.978,
53.8,9.083,
53.817,9.0,
53.8,9.034,
53.75,9.15,
53.736,9.081,
53.16,8.205,
53.141,8.217,
53.157,8.233,
53.17,8.225,
53.168,8.211,
53.155,8.171,
53.131,8.183,
53.116,8.216,
53.127,8.238,
53.172,8.041,
53.023,7.858,
53.25,8.2,
53.123,8.114,
52.944,8.253,
53.067,8.2,
53.017,8.35,
53.25,8.117,
53.0,7.95,
53.397,8.136,
53.388,8.155,
53.392,8.17,
53.379,8.161,
53.408,8.065,
53.373,8.102,
53.353,8.162,
53.387,8.057,
53.4,8.089,
53.446,8.119,
53.4,8.113,
53.348,8.049,
53.414,8.119,
53.369,8.141,
53.341,8.12,
53.423,8.132,
53.365,8.172,
53.414,8.103,
53.395,8.092,
53.352,8.133,
53.357,8.084,
53.347,8.144,
53.395,7.95,
53.389,7.955,
53.417,7.983,
53.445,8.022,
53.434,8.052,
53.453,8.063,
53.351,8.016,
53.403,8.034,
53.365,7.994,
53.447,8.062,
53.34,7.958,
53.324,7.962,
53.329,7.997,
53.306,7.998,
53.415,8.034,
53.393,8.016,
53.4,8.017,
53.376,8.033,
53.384,8.241,
53.523,8.107,
53.539,8.144,
53.557,8.127,
53.577,8.102,
53.524,8.087,
53.606,7.835,
53.558,7.691,
53.577,7.778,
53.528,7.779,
53.631,7.784,
53.621,7.726,
53.629,7.806,
53.597,7.744,
53.56,7.732,
53.533,7.729,
53.691,7.801,
53.535,7.691,
53.576,7.821,
53.599,7.707,
53.589,7.774,
53.555,7.984,
53.542,7.931,
53.544,7.885,
53.527,8.036,
53.533,7.968,
53.545,7.905,
53.521,7.917,
53.573,7.987,
53.528,7.945,
53.521,8.044,
53.543,7.919,
53.544,8.013,
53.533,7.95,
53.6,7.65,
53.633,7.667,
53.649,7.613,
53.7,7.703,
53.589,7.582,
53.657,7.719,
53.63,7.575,
53.608,7.954,
53.663,7.916,
53.638,7.883,
53.706,7.969,
53.63,8.028,
53.658,7.923,
53.574,7.898,
53.57,7.889,
53.502,7.89,
53.484,7.87,
53.486,7.829,
53.491,7.883,
53.451,7.938,
53.385,7.833,
53.491,7.868,
53.48,7.726,
53.466,7.839,
53.434,7.856,
53.45,7.833,
53.453,7.833,
53.449,7.768,
53.466,7.901,
53.508,8.016,
53.505,8.014,
53.478,7.986,
53.485,8.027,
53.499,7.965,
53.512,8.052,
53.485,8.05,
53.75,7.483,
53.77,7.695,
53.79,7.899,
53.577,7.558,
53.572,7.508,
53.607,7.516,
53.605,7.524,
53.609,7.509,
53.542,7.166,
53.581,7.215,
53.643,7.226,
53.591,7.131,
53.592,7.213,
53.617,7.161,
53.559,7.25,
53.593,7.223,
53.57,7.138,
53.595,7.232,
53.596,7.206,
53.515,7.144,
53.6,7.25,
53.603,7.285,
53.567,7.29,
53.6,7.317,
53.65,7.3,
53.544,7.254,
53.517,7.283,
53.477,7.206,
53.55,7.3,
53.533,7.333,
53.523,7.273,
53.561,7.346,
53.591,7.345,
53.587,7.34,
53.611,7.356,
53.608,7.394,
53.589,7.37,
53.596,7.375,
53.602,7.381,
53.708,7.158,
53.654,7.377,
53.671,7.356,
53.646,7.43,
53.677,7.474,
53.658,7.494,
53.65,7.446,
53.647,7.43,
53.638,7.439,
53.644,7.321,
53.671,7.475,
53.632,7.485,
53.671,7.435,
53.617,7.483,
53.583,7.433,
53.56,7.434,
53.6,7.45,
53.6,7.467,
53.678,6.996,
53.728,7.371,
53.472,7.478,
53.484,7.515,
53.482,7.629,
53.459,7.457,
53.467,7.521,
53.488,7.361,
53.423,7.322,
53.437,7.317,
53.475,7.399,
53.482,7.337,
53.449,7.354,
53.514,7.384,
53.499,7.328,
53.523,7.363,
53.475,7.352,
53.464,7.351,
53.383,7.527,
53.367,7.638,
53.432,7.564,
53.403,7.607,
53.35,7.679,
53.447,7.599,
53.427,7.588,
53.401,7.603,
53.437,7.599,
53.387,7.618,
53.365,7.521,
53.392,7.565,
53.378,7.604,
53.375,7.582,
53.416,7.6,
53.371,7.4,
53.377,7.319,
53.41,7.403,
53.392,7.43,
53.415,7.454,
53.395,7.348,
53.421,7.521,
53.421,7.394,
53.408,7.371,
53.433,7.371,
53.437,7.423,
53.442,7.399,
53.414,7.736,
53.433,7.76,
53.367,7.682,
53.389,7.694,
53.417,7.733,
53.461,7.714,
53.306,7.751,
53.17,7.75,
53.103,7.683,
53.226,7.749,
53.37,7.203,
53.367,7.217,
53.353,7.218,
53.389,7.046,
53.453,7.156,
53.474,7.137,
53.38,7.035,
53.434,7.097,
53.43,7.051,
53.468,7.1,
53.463,7.131,
53.501,7.095,
53.417,7.135,
53.435,7.064,
53.431,7.084,
53.478,7.173,
53.44,7.091,
53.422,7.048,
53.458,7.063,
53.426,7.113,
53.483,7.064,
53.411,7.091,
53.4,7.052,
53.581,6.691,
53.437,7.172,
53.411,7.16,
53.426,7.236,
53.42,7.205,
53.411,7.18,
53.443,7.21,
53.416,7.194,
53.417,7.183,
53.413,7.221,
53.235,7.475,
53.311,7.423,
53.169,7.461,
53.136,7.575,
53.163,7.351,
53.147,7.267,
53.217,7.299,
53.254,7.267,
53.183,7.267,
53.131,7.243,
53.336,7.562,
53.283,7.583,
53.3,7.6,
53.333,7.667,
53.267,7.567,
53.31,7.66,
53.133,7.617,
53.267,7.383,
53.246,7.572,
53.209,7.674,
53.242,7.628,
53.077,7.404,
52.923,7.407,
52.992,7.298,
53.0,7.333,
52.936,7.341,
52.965,7.323,
52.993,7.633,
53.033,7.576,
52.983,7.7,
52.955,7.611,
53.06,7.271,
52.925,7.643,
52.913,7.709,
52.978,7.515,
52.912,7.536,
52.961,7.274,
52.927,7.283,
52.958,7.448,
53.005,7.414,
53.325,8.465,
53.237,8.457,
53.383,8.383,
53.342,8.422,
53.486,8.481,
53.547,8.335,
52.851,8.728,
52.684,8.809,
52.799,8.642,
52.909,8.59,
52.928,8.642,
52.867,8.533,
52.867,8.583,
52.95,8.567,
52.833,8.483,
52.95,8.683,
52.967,8.617,
52.57,8.809,
52.595,8.835,
52.62,8.8,
52.665,9.02,
52.75,8.7,
52.692,8.884,
52.707,8.897,
52.733,8.767,
52.776,8.75,
52.738,8.83,
52.693,8.94,
52.717,8.967,
52.783,8.883,
52.793,8.836,
52.621,8.733,
52.623,8.652,
52.629,8.69,
52.921,9.248,
52.979,9.185,
52.829,8.991,
52.794,8.918,
52.862,8.922,
52.942,9.318,
52.85,9.233,
52.808,9.14,
52.833,9.083,
52.85,9.167,
52.953,9.08,
52.967,9.017,
52.933,8.967,
52.76,9.226,
52.781,9.283,
52.779,9.213,
52.802,9.206,
52.876,9.061,
52.9,9.017,
52.772,9.005,
52.733,9.1,
52.75,9.183,
52.779,9.134,
52.81,9.392,
52.768,9.43,
52.783,9.383,
52.917,9.133,
52.967,8.95,
53.12,9.424,
53.067,9.317,
53.133,9.217,
53.109,9.265,
53.133,9.317,
53.183,9.233,
53.074,9.236,
53.117,9.233,
52.986,9.583,
53.167,9.483,
53.09,9.473,
53.033,9.367,
53.1,9.517,
53.083,9.6,
53.017,9.4,
53.067,9.5,
53.185,9.632,
53.224,9.553,
53.172,9.67,
53.216,9.492,
53.2,9.567,
53.241,9.351,
53.329,9.114,
53.297,9.277,
53.317,9.333,
53.217,9.317,
53.3,9.167,
53.35,9.233,
53.293,9.081,
53.183,9.15,
53.195,9.096,
53.217,9.15,
53.259,9.082,
53.237,9.131,
53.25,9.15,
53.225,9.078,
53.3,9.517,
53.3,9.45,
53.333,9.5,
53.283,9.45,
53.293,9.551,
53.256,9.48,
53.276,9.504,
53.283,9.533,
53.35,9.533,
53.483,9.05,
53.485,9.143,
53.525,9.049,
53.55,9.067,
53.483,8.967,
53.445,9.0,
53.383,9.0,
53.433,9.317,
53.409,9.129,
53.417,9.233,
53.373,9.213,
53.374,9.304,
53.481,9.321,
53.858,8.709,
53.855,8.677,
53.861,8.648,
53.819,8.664,
53.605,8.595,
53.467,8.65,
53.491,8.899,
53.434,8.819,
53.436,8.752,
53.423,8.89,
53.452,8.896,
53.425,8.705,
53.465,8.758,
53.409,8.784,
53.393,8.768,
53.533,8.65,
53.578,8.801,
53.541,8.875,
53.614,8.756,
53.603,8.879,
53.633,8.85,
53.561,8.849,
53.662,8.805,
53.587,8.742,
53.366,8.69,
53.317,8.667,
53.311,8.579,
53.36,8.521,
53.383,8.617,
53.357,8.643,
53.783,8.6,
53.65,8.517,
53.727,8.57,
53.667,8.55,
53.675,8.517,
53.683,8.567,
53.731,8.617,
53.7,8.533,
53.183,8.736,
53.217,8.933,
53.333,8.917,
53.355,8.775,
53.308,8.825,
53.333,8.8,
53.367,8.833,
53.051,8.629,
53.048,8.661,
53.063,8.624,
53.028,8.639,
53.033,8.533,
52.895,8.434,
53.117,8.467,
52.933,8.383,
53.181,8.482,
53.167,8.617,
53.232,8.541,
53.033,8.75,
53.014,9.026,
52.989,8.831,
52.913,8.822,
53.142,8.903,
53.129,9.107,
53.05,9.017,
53.183,8.983,
52.617,10.085,
52.633,10.084,
52.612,10.04,
52.611,10.099,
52.617,10.083,
52.808,9.964,
52.684,9.909,
52.633,9.983,
52.833,10.09,
52.65,9.833,
52.9,10.167,
52.617,10.25,
52.557,10.102,
52.537,10.151,
52.58,10.189,
52.835,10.297,
52.717,10.283,
52.735,10.235,
52.683,10.333,
52.564,10.06,
52.611,10.285,
52.643,10.259,
52.516,10.215,
52.55,10.184,
52.709,10.227,
52.683,10.25,
52.587,10.376,
52.556,10.283,
52.767,10.492,
52.683,10.4,
52.591,10.432,
52.728,10.739,
52.733,10.717,
52.733,10.6,
52.7,10.5,
52.766,10.597,
52.833,10.683,
52.6,10.533,
52.648,10.464,
52.809,10.666,
52.633,10.633,
52.617,10.6,
52.968,11.154,
53.113,11.165,
53.109,11.033,
53.065,11.073,
53.061,11.133,
53.113,11.075,
53.073,11.071,
53.09,11.092,
53.121,11.101,
53.098,11.076,
53.059,11.12,
53.092,11.098,
53.059,11.056,
53.114,11.144,
53.119,11.124,
53.137,11.139,
53.11,11.133,
53.103,11.149,
53.076,11.112,
53.098,11.127,
53.064,11.117,
53.072,11.051,
53.105,11.04,
53.082,11.058,
53.109,11.059,
53.093,11.144,
53.086,11.07,
53.054,11.145,
53.119,11.149,
53.07,11.12,
53.087,11.054,
53.161,10.993,
53.15,10.981,
53.128,11.084,
53.161,11.008,
53.059,11.079,
53.154,11.016,
53.187,10.946,
53.19,10.979,
53.157,10.963,
53.148,11.002,
53.148,10.985,
53.157,10.903,
53.135,11.006,
53.128,11.055,
53.119,11.054,
53.144,11.023,
53.18,10.984,
53.148,11.044,
53.184,10.931,
53.16,10.999,
52.937,10.957,
52.951,10.884,
52.934,10.939,
52.946,10.927,
52.963,10.995,
52.964,10.902,
52.965,10.908,
52.968,10.989,
52.926,10.971,
52.94,10.938,
52.952,10.979,
52.948,10.938,
52.913,10.947,
52.993,10.996,
52.958,10.961,
52.98,10.888,
52.927,10.983,
52.956,10.991,
52.958,10.953,
52.967,10.974,
52.94,10.88,
52.952,10.898,
52.983,10.874,
52.942,10.895,
52.965,10.899,
52.922,11.0,
52.924,11.129,
52.895,10.864,
52.892,10.907,
52.877,10.902,
52.891,10.892,
52.89,10.892,
52.894,10.835,
52.904,10.834,
52.915,10.899,
52.92,10.909,
52.865,10.839,
52.91,10.839,
52.9,10.878,
52.852,10.884,
52.855,10.912,
52.891,10.835,
52.868,10.859,
52.862,10.867,
52.873,10.873,
52.859,10.851,
52.882,10.859,
52.891,10.845,
52.862,10.857,
52.923,10.877,
52.867,10.894,
52.868,10.804,
52.856,10.894,
52.904,10.894,
52.896,10.907,
52.891,10.957,
52.861,10.944,
52.908,10.962,
52.907,10.945,
52.89,10.942,
52.905,10.913,
52.888,10.935,
52.876,10.948,
52.874,10.923,
52.898,10.927,
53.01,11.39,
53.04,11.414,
53.026,11.468,
53.025,11.46,
53.005,11.488,
53.003,11.442,
53.015,11.437,
53.025,11.462,
53.162,11.139,
53.136,11.177,
53.135,11.177,
53.147,11.17,
53.116,11.186,
53.152,11.166,
53.147,10.886,
53.098,10.948,
53.122,10.911,
53.128,10.905,
53.146,10.868,
53.108,10.885,
53.126,11.014,
53.14,10.879,
53.13,10.957,
53.142,10.964,
53.131,10.956,
53.122,10.942,
53.148,10.934,
53.114,10.899,
53.112,10.968,
53.136,10.952,
53.113,10.951,
53.048,11.388,
53.047,11.355,
53.048,11.357,
53.05,11.177,
53.083,11.195,
53.054,11.222,
53.079,11.216,
53.075,11.201,
53.106,11.196,
53.042,11.444,
53.056,11.434,
53.058,11.453,
53.055,11.433,
53.072,11.438,
53.069,11.406,
53.035,11.023,
53.043,11.118,
53.052,11.091,
53.033,11.034,
53.041,11.077,
53.051,11.001,
53.05,11.083,
53.038,11.061,
53.044,11.009,
53.043,11.033,
53.046,11.097,
53.032,11.007,
53.047,11.022,
53.086,11.029,
53.073,10.944,
53.07,11.027,
53.091,11.028,
53.092,10.975,
53.09,11.009,
53.089,11.002,
53.083,11.017,
53.087,11.017,
53.082,10.937,
53.025,10.998,
53.012,11.048,
52.998,11.066,
53.026,11.009,
53.008,11.063,
53.02,11.021,
53.004,11.032,
53.019,11.018,
52.978,11.062,
53.101,11.256,
52.917,11.333,
52.928,11.049,
52.912,11.181,
53.229,10.885,
52.967,11.4,
53.037,11.565,
53.0,11.317,
53.013,10.962,
53.008,10.903,
52.992,10.964,
52.996,10.958,
52.979,10.982,
53.0,10.967,
52.993,11.009,
53.017,10.926,
52.994,10.93,
52.986,11.01,
52.983,10.989,
52.978,11.006,
52.977,10.968,
52.987,10.939,
52.998,11.018,
52.998,10.948,
52.997,10.982,
52.982,10.981,
53.011,10.947,
53.008,10.947,
53.015,10.946,
53.024,10.958,
52.95,11.217,
53.069,10.883,
52.966,10.561,
53.079,10.581,
53.142,10.487,
52.896,10.451,
52.904,10.575,
52.933,10.767,
53.031,10.299,
52.885,10.659,
52.987,10.752,
53.028,10.418,
53.13,10.602,
53.05,10.517,
52.966,10.313,
53.02,10.565,
52.967,10.417,
53.05,10.367,
53.094,10.729,
53.101,10.522,
53.08,10.47,
53.019,10.676,
52.976,10.675,
53.1,10.65,
53.006,10.445,
52.874,10.762,
52.876,10.556,
53.067,10.783,
53.059,10.703,
52.986,9.843,
52.986,10.088,
53.117,9.795,
53.033,9.706,
53.083,9.998,
52.917,9.983,
52.861,9.593,
52.85,9.688,
52.7,9.583,
52.727,9.572,
52.691,9.641,
52.608,9.687,
52.678,9.618,
52.676,9.667,
52.767,9.55,
52.714,9.631,
52.765,9.595,
52.729,9.607,
52.783,9.467,
52.9,9.65,
52.374,9.737,
52.387,9.746,
52.394,9.748,
52.401,9.722,
52.391,9.708,
52.363,9.748,
52.37,9.752,
52.359,9.756,
52.367,9.717,
52.397,9.771,
52.414,9.754,
52.414,9.66,
52.368,9.708,
52.375,9.709,
52.367,9.681,
52.357,9.671,
52.329,9.7,
52.343,9.715,
52.34,9.774,
52.339,9.829,
52.361,9.834,
52.38,9.807,
52.389,9.85,
52.403,9.794,
52.426,9.792,
52.41,9.808,
52.418,9.602,
52.476,9.536,
52.435,9.611,
52.438,9.743,
52.451,9.749,
52.44,9.665,
52.315,9.797,
52.3,9.45,
52.541,9.743,
52.433,9.85,
52.396,9.597,
52.503,9.86,
52.319,9.655,
52.314,9.724,
52.274,9.573,
52.264,9.764,
52.314,9.6,
52.123,9.736,
52.089,9.631,
52.083,9.783,
52.067,9.75,
52.114,9.794,
52.042,9.774,
52.075,9.721,
52.058,9.787,
51.988,9.817,
51.941,9.803,
51.998,9.935,
52.05,9.917,
52.032,9.961,
52.05,9.9,
52.05,9.85,
51.933,9.9,
51.95,9.917,
51.933,9.933,
52.005,9.696,
51.983,9.733,
52.019,9.754,
52.037,9.687,
52.033,9.667,
51.983,9.967,
51.983,9.95,
52.153,9.956,
52.165,9.977,
52.16,9.933,
52.141,9.941,
52.135,9.971,
52.235,9.854,
52.058,10.006,
52.01,10.132,
52.162,9.784,
52.185,10.102,
52.21,9.965,
52.197,9.899,
52.189,10.232,
52.087,10.16,
52.253,9.969,
51.961,10.011,
51.983,10.05,
52.012,9.976,
52.096,9.919,
52.323,10.231,
52.314,10.234,
52.34,10.249,
52.387,10.261,
52.263,10.199,
52.25,10.217,
52.258,10.064,
52.372,9.979,
52.446,10.006,
52.471,10.158,
52.314,9.968,
52.424,9.436,
52.505,9.459,
52.343,9.405,
52.338,9.385,
52.345,9.334,
52.339,9.352,
52.337,9.379,
52.469,9.2,
52.438,9.215,
52.448,9.261,
52.44,9.189,
52.475,9.229,
52.454,9.146,
52.308,9.325,
52.289,9.29,
52.303,9.346,
52.324,9.343,
52.318,9.322,
52.309,9.306,
52.289,9.334,
52.312,9.356,
52.29,9.336,
52.301,9.319,
52.383,9.227,
52.398,9.297,
52.414,9.297,
52.389,9.223,
52.397,9.268,
52.398,9.292,
52.353,9.396,
52.356,9.386,
52.364,9.386,
52.358,9.389,
52.413,9.257,
52.417,9.233,
52.419,9.233,
52.419,9.273,
52.427,9.26,
52.434,9.325,
52.429,9.315,
52.438,9.343,
52.373,9.341,
52.355,9.35,
52.369,9.372,
52.381,9.393,
52.664,9.245,
52.676,9.227,
52.654,9.222,
52.649,9.236,
52.617,9.26,
52.541,9.072,
52.545,9.07,
52.489,9.027,
52.517,9.067,
52.474,9.008,
52.521,9.057,
52.486,9.004,
52.502,9.029,
52.501,8.986,
52.536,9.073,
52.514,9.03,
52.57,9.024,
52.579,8.971,
52.568,9.026,
52.575,9.079,
52.608,8.922,
52.593,8.976,
52.5,8.909,
52.419,8.718,
52.45,8.967,
52.457,8.85,
52.669,9.142,
52.717,9.167,
52.717,9.083,
52.604,9.097,
52.617,9.133,
52.642,9.026,
52.713,9.273,
52.739,9.321,
52.708,9.304,
52.7,9.267,
52.743,9.263,
52.687,9.211,
52.733,9.233,
52.71,9.232,
52.531,9.123,
52.556,9.125,
52.562,9.125,
52.543,9.145,
52.546,9.209,
52.589,9.142,
52.588,9.142,
52.597,9.153,
52.567,9.25,
52.5,9.117,
52.656,9.391,
52.655,9.391,
52.647,9.435,
52.719,9.402,
52.628,9.389,
52.593,9.303,
52.666,9.482,
52.641,9.34,
52.323,9.203,
52.294,9.206,
52.316,9.236,
52.292,9.233,
52.316,9.244,
52.317,9.252,
52.342,9.233,
52.301,9.206,
52.325,9.154,
52.318,9.271,
52.303,9.243,
52.324,9.144,
52.32,9.201,
52.312,9.068,
52.287,9.085,
52.255,9.062,
52.264,9.063,
52.294,9.061,
52.282,8.994,
52.276,9.054,
52.297,9.052,
52.312,8.997,
52.27,9.073,
52.261,9.049,
52.272,9.129,
52.259,9.144,
52.273,9.103,
52.256,9.116,
52.284,9.119,
52.25,9.122,
52.292,9.164,
52.285,9.171,
52.293,9.167,
52.303,9.133,
52.297,9.126,
52.302,9.098,
52.293,9.092,
52.312,9.093,
52.311,9.117,
52.3,9.095,
52.32,9.106,
52.321,9.119,
52.33,9.108,
52.334,9.105,
52.368,9.299,
52.358,9.284,
52.358,9.283,
52.348,9.279,
52.35,9.317,
52.338,9.29,
52.33,9.277,
52.329,9.279,
52.358,9.251,
52.36,9.254,
52.341,9.25,
52.242,9.098,
52.232,9.096,
52.255,9.101,
52.227,9.128,
52.223,9.073,
52.225,9.093,
52.231,9.097,
52.352,9.148,
52.355,9.206,
52.369,9.227,
52.357,9.209,
52.34,9.119,
52.336,9.13,
52.342,9.151,
52.342,9.152,
52.35,9.183,
52.385,9.188,
52.384,9.12,
52.21,9.12,
52.173,9.12,
52.145,9.138,
52.158,9.099,
52.103,9.152,
52.186,9.149,
52.135,9.148,
52.164,9.031,
52.212,9.054,
52.171,9.149,
52.167,9.116,
52.169,9.096,
52.2,9.188,
52.179,9.071,
52.184,9.139,
52.202,9.168,
52.203,9.148,
52.143,9.107,
52.154,9.081,
52.195,9.107,
52.261,9.057,
52.236,9.206,
52.231,9.236,
52.239,9.252,
52.23,9.31,
52.229,9.206,
52.217,9.247,
52.237,9.267,
52.267,9.307,
52.232,9.144,
52.229,9.195,
52.221,9.171,
52.268,9.286,
52.261,9.287,
52.235,9.282,
52.24,9.293,
52.25,9.237,
52.104,9.368,
52.115,9.339,
52.099,9.395,
51.986,9.252,
52.208,9.554,
52.173,9.249,
52.196,9.464,
52.05,9.259,
52.045,9.4,
52.118,9.549,
52.26,9.38,
52.274,9.369,
52.266,9.344,
52.268,9.371,
52.243,9.374,
52.262,9.399,
52.259,9.394,
52.25,9.361,
52.255,9.353,
52.284,9.388,
52.249,9.361,
51.947,9.407,
51.415,9.65,
51.35,9.633,
51.536,9.939,
51.551,9.933,
51.56,9.932,
51.533,9.933,
51.533,9.899,
51.513,9.954,
51.513,10.259,
51.588,9.922,
51.5,9.9,
51.499,9.762,
51.45,9.733,
51.5,9.717,
51.467,9.8,
51.483,9.683,
51.467,10.033,
51.419,9.918,
51.556,10.057,
51.567,10.15,
51.571,10.106,
51.533,10.1,
51.541,10.163,
51.583,9.755,
51.707,10.0,
51.657,9.635,
51.629,9.936,
51.652,9.831,
51.699,9.871,
51.683,10.1,
51.64,9.556,
51.633,9.592,
51.648,10.239,
51.66,10.174,
51.659,10.278,
51.656,10.339,
51.668,10.284,
51.633,10.47,
51.567,10.217,
51.63,10.159,
51.606,10.133,
51.61,10.216,
51.583,10.117,
51.583,10.167,
51.55,10.233,
51.6,10.25,
51.583,10.267,
51.583,10.3,
51.595,10.556,
51.71,10.519,
51.583,10.617,
51.634,10.587,
51.633,10.633,
51.727,10.251,
51.798,10.188,
51.77,10.205,
51.767,10.167,
51.785,10.212,
51.817,10.233,
51.854,9.965,
51.82,9.87,
51.872,10.025,
51.802,9.689,
51.8,10.033,
51.828,9.445,
51.989,9.47,
52.01,9.504,
51.972,9.519,
51.928,9.497,
51.966,9.575,
51.991,9.565,
51.861,9.593,
51.833,9.633,
51.867,9.567,
51.894,9.683,
51.867,9.683,
51.882,9.627,
51.883,9.783,
51.927,9.643,
51.933,9.667,
51.971,9.607,
51.953,9.624,
51.858,9.494,
51.9,9.55,
51.917,9.583,
51.883,9.567,
51.917,9.417,
51.899,9.404,
51.921,9.341,
51.883,9.433,
51.75,9.383,
51.695,9.432,
51.659,9.387,
51.733,9.4,
52.255,10.541,
52.265,10.523,
52.258,10.537,
52.283,10.582,
52.279,10.543,
52.301,10.569,
52.328,10.476,
52.302,10.498,
52.276,10.513,
52.267,10.533,
52.259,10.5,
52.255,10.488,
52.224,10.499,
52.226,10.527,
52.244,10.559,
52.251,10.817,
52.26,10.365,
52.25,10.65,
52.333,10.667,
52.175,10.762,
52.133,10.717,
52.143,10.774,
52.133,10.85,
52.066,10.769,
52.099,10.765,
52.172,10.668,
52.218,10.642,
52.205,10.71,
52.189,10.711,
52.219,10.683,
52.33,10.393,
52.348,10.446,
52.122,10.376,
52.158,10.333,
52.128,10.29,
52.153,10.333,
52.173,10.308,
52.129,10.249,
52.144,10.3,
52.161,10.257,
52.108,10.357,
52.154,10.379,
52.169,10.354,
52.125,10.389,
52.136,10.336,
52.124,10.351,
52.087,10.367,
52.092,10.377,
52.178,10.407,
52.153,10.444,
52.189,10.412,
52.146,10.407,
52.146,10.443,
52.201,10.411,
52.178,10.483,
52.188,10.479,
52.075,10.412,
52.036,10.353,
52.024,10.349,
52.062,10.446,
52.053,10.373,
52.051,10.409,
52.101,10.423,
52.037,10.31,
52.086,10.439,
52.205,10.308,
52.083,10.233,
52.144,10.218,
52.083,10.283,
52.054,10.328,
52.067,10.25,
52.039,10.266,
52.159,10.535,
52.158,10.558,
52.166,10.551,
52.142,10.548,
52.113,10.447,
52.069,10.584,
52.059,10.611,
52.069,10.555,
52.121,10.563,
52.083,10.483,
52.1,10.567,
52.05,10.537,
52.036,10.494,
52.031,10.605,
52.022,10.54,
52.114,10.674,
52.15,10.608,
52.067,10.683,
52.11,10.59,
52.067,10.741,
52.094,10.697,
52.13,10.64,
52.228,11.01,
52.138,10.967,
52.296,10.912,
52.306,11.015,
52.333,10.967,
52.276,10.984,
52.17,11.019,
52.228,10.904,
52.206,10.915,
52.196,10.879,
52.251,10.91,
52.181,10.92,
52.191,10.939,
52.082,10.898,
52.074,10.858,
52.077,10.822,
52.107,10.873,
52.09,10.925,
52.125,10.917,
52.424,10.781,
52.42,10.719,
52.4,10.753,
52.381,10.829,
52.423,10.822,
52.408,10.936,
52.386,11.0,
52.425,10.913,
52.445,10.945,
52.374,10.919,
52.6,10.938,
52.544,10.845,
52.567,10.8,
52.535,10.89,
52.486,10.886,
52.517,10.8,
52.576,10.878,
52.522,10.775,
52.5,10.767,
52.471,10.741,
52.478,10.551,
52.517,10.633,
52.385,10.539,
52.38,10.451,
52.38,10.403,
52.417,10.533,
52.365,10.52,
52.474,10.352,
52.533,10.367,
52.44,10.435,
52.417,10.4,
52.421,10.623,
52.433,10.583,
52.434,10.51,
52.413,10.594,
52.462,10.717,
52.5,10.717,
52.469,10.68,
52.552,10.523,
51.919,10.417,
51.911,10.432,
51.908,10.475,
51.907,10.485,
51.959,10.389,
51.858,10.34,
51.955,10.435,
51.899,10.518,
51.883,10.562,
51.903,10.567,
51.898,10.547,
51.893,10.549,
51.912,10.522,
51.903,10.566,
51.9,10.652,
51.9,10.538,
51.886,10.56,
51.809,10.338,
51.924,10.387,
51.952,10.564,
51.727,10.611,
52.022,10.432,
51.833,10.433,
51.801,10.441,
51.828,10.281,
51.891,10.178,
51.95,10.217,
51.989,10.269,
52.017,10.267,
52.301,7.158,
52.333,7.183,
52.298,7.264,
52.323,7.222,
52.267,7.283,
52.4,7.183,
52.301,7.226,
52.35,7.15,
52.43,7.426,
52.4,7.567,
52.367,7.467,
52.4,7.3,
52.326,7.431,
52.449,7.052,
52.415,7.077,
52.452,7.106,
52.274,8.052,
52.283,7.949,
52.265,8.01,
52.249,8.037,
52.244,8.061,
52.267,8.072,
52.289,8.089,
52.267,8.05,
52.298,8.013,
52.203,8.045,
52.35,8.017,
52.233,8.167,
52.318,8.413,
52.367,8.317,
52.209,7.921,
52.164,8.147,
52.35,8.233,
52.155,8.042,
52.3,8.133,
52.1,8.083,
52.117,8.2,
52.237,7.961,
52.117,8.167,
52.085,7.999,
52.198,8.339,
52.2,8.35,
52.608,8.37,
52.726,8.286,
52.659,8.225,
52.522,8.198,
52.71,8.503,
52.744,8.565,
52.692,8.547,
52.662,8.124,
52.55,8.583,
52.788,8.432,
52.833,8.317,
52.517,8.067,
52.586,8.216,
52.483,8.367,
52.467,8.417,
52.466,8.376,
52.467,8.4,
52.45,8.367,
52.484,8.381,
52.583,8.117,
52.645,8.472,
52.61,8.481,
52.6,8.509,
52.621,8.592,
52.613,8.449,
52.741,8.195,
52.65,8.433,
52.533,8.35,
52.409,7.973,
52.567,7.817,
52.583,7.833,
52.55,7.883,
52.517,7.677,
52.417,7.839,
52.483,7.833,
52.552,7.948,
52.5,7.95,
52.577,8.003,
52.483,8.017,
52.433,7.75,
52.675,7.95,
52.737,7.758,
52.623,7.745,
52.583,7.733,
52.7,7.917,
52.633,7.983,
52.683,7.817,
52.615,7.861,
52.95,8.017,
52.833,8.15,
52.795,7.867,
52.817,8.117,
52.851,7.972,
52.85,7.783,
52.691,7.291,
52.789,7.184,
52.674,7.485,
52.6,7.267,
52.87,7.603,
52.85,7.517,
52.783,7.517,
52.872,7.508,
52.85,7.683,
52.883,7.767,
52.817,7.617,
52.867,7.317,
52.9,7.383,
52.883,7.3,
52.917,7.283,
52.656,7.106,
52.685,7.599,
52.65,7.583,
52.745,7.57,
52.783,7.417,
52.768,7.462,
52.772,7.494,
52.857,7.282,
52.85,7.267,
52.514,7.313,
52.522,7.328,
52.517,7.317,
52.617,6.85,
52.583,6.933,
52.617,6.733,
52.567,7.083,
52.533,6.967,
52.499,6.966,
52.467,6.967,
52.533,7.0,
52.5,7.483,
52.487,7.543,
52.433,7.5,
52.467,7.467,
52.5,7.583,
52.518,7.134,
52.565,7.577,
52.589,7.599,
52.583,7.517,
52.554,7.532,
52.54,7.467,
52.55,6.717,
52.467,6.85,
52.517,6.917,
52.5,6.883,
52.45,6.917,
52.6,7.4,
52.583,6.95,
52.506,6.803,
52.533,6.85,
50.904,7.81,
50.579,7.227,
50.495,7.146,
50.498,7.177,
50.483,7.183,
50.543,7.111,
50.544,7.246,
50.483,7.233,
50.483,7.267,
50.505,7.289,
50.583,7.067,
50.523,6.9,
50.555,6.949,
50.55,7.0,
50.517,6.992,
50.467,7.05,
50.517,7.033,
50.482,6.988,
50.5,6.933,
50.467,6.95,
50.483,7.017,
50.533,7.05,
50.521,7.017,
50.382,6.933,
50.35,6.933,
50.35,6.9,
50.383,6.9,
50.404,6.928,
50.367,6.917,
50.317,6.967,
50.367,6.967,
50.35,7.0,
50.457,6.917,
50.46,6.892,
50.429,6.877,
50.333,6.817,
50.4,7.017,
50.433,6.917,
50.333,6.95,
50.467,6.783,
50.433,6.95,
50.35,6.817,
50.405,6.885,
50.35,6.967,
50.395,6.859,
50.445,6.813,
50.317,6.917,
50.333,6.833,
50.45,6.767,
50.448,6.889,
50.4,6.833,
50.383,6.8,
50.428,6.851,
50.433,6.817,
50.383,6.833,
50.417,6.8,
50.333,6.883,
50.353,6.843,
50.367,6.817,
50.367,6.867,
50.3,6.833,
50.3,6.867,
50.333,7.0,
50.317,6.85,
50.3,6.967,
50.317,6.983,
50.317,6.833,
50.292,6.92,
50.576,7.275,
50.569,7.284,
50.554,7.294,
50.583,7.267,
50.55,7.3,
50.581,7.444,
50.575,7.416,
50.55,7.417,
50.567,7.492,
50.517,7.312,
50.617,7.35,
50.583,7.383,
50.687,7.395,
50.667,7.417,
50.596,7.219,
50.6,7.25,
50.621,7.433,
50.641,7.354,
50.583,7.233,
50.617,7.233,
49.754,6.639,
49.773,6.665,
49.75,6.633,
49.744,6.619,
49.71,6.555,
49.562,6.684,
49.85,6.567,
49.867,6.517,
49.85,6.517,
49.783,6.6,
49.9,6.65,
49.833,6.633,
49.724,6.499,
49.812,6.583,
49.833,6.483,
49.833,6.467,
49.817,6.5,
49.762,6.56,
49.9,6.7,
49.617,6.7,
49.6,6.683,
49.633,6.683,
49.6,6.667,
49.633,6.7,
49.617,6.683,
49.667,6.733,
49.679,6.761,
49.678,6.743,
49.65,6.7,
49.69,6.712,
49.683,6.767,
49.667,6.717,
49.703,6.692,
49.683,6.683,
49.762,6.732,
49.717,6.817,
49.717,6.733,
49.733,6.817,
49.717,6.783,
49.733,6.85,
49.733,6.75,
49.727,6.725,
49.717,6.767,
49.741,6.805,
49.7,6.717,
49.772,6.733,
49.746,6.745,
49.7,6.577,
49.675,6.671,
49.709,6.507,
49.707,6.539,
49.822,6.753,
49.8,6.783,
49.817,6.85,
49.817,6.883,
49.808,6.768,
49.883,6.75,
49.8,6.85,
49.833,6.883,
49.833,6.833,
49.793,6.792,
49.85,6.8,
49.817,6.833,
49.845,6.851,
49.767,6.783,
49.859,6.765,
49.8,6.717,
49.8,6.833,
49.855,6.898,
49.825,6.899,
49.767,7.05,
49.655,6.944,
49.75,7.05,
49.667,6.983,
49.717,6.933,
49.75,6.883,
49.617,6.883,
49.717,6.95,
49.633,6.9,
49.733,6.917,
49.683,6.883,
49.7,6.9,
49.683,7.083,
49.643,7.015,
49.65,7.0,
49.779,7.021,
49.75,7.0,
49.775,7.003,
49.733,6.95,
49.733,6.967,
49.733,7.0,
49.8,7.0,
49.75,6.95,
49.767,6.917,
49.783,6.9,
49.717,6.983,
49.776,6.906,
49.76,6.883,
49.8,6.917,
49.767,7.017,
49.787,6.966,
49.767,6.95,
49.633,6.822,
49.633,6.783,
49.617,6.8,
49.65,6.75,
49.6,6.767,
49.567,6.367,
49.617,6.483,
49.606,6.544,
49.583,6.483,
49.567,6.567,
49.667,6.433,
49.578,6.525,
49.667,6.578,
49.689,6.465,
49.55,6.583,
49.633,6.55,
49.55,6.483,
49.617,6.583,
49.633,6.517,
49.633,6.583,
49.65,6.55,
49.544,6.533,
49.605,6.596,
49.65,6.45,
49.575,6.574,
49.667,6.517,
49.65,6.483,
49.609,6.426,
49.659,6.593,
49.916,7.077,
49.934,7.063,
49.917,7.017,
49.889,7.022,
49.89,7.118,
49.892,7.073,
49.883,7.217,
49.906,6.981,
49.867,7.05,
49.883,7.0,
49.883,7.133,
49.9,7.183,
49.933,7.0,
49.913,7.019,
49.883,6.95,
49.967,7.033,
49.95,7.017,
49.983,7.017,
49.811,6.986,
49.808,7.127,
49.886,6.917,
50.017,6.933,
49.986,6.893,
50.017,6.833,
49.917,6.783,
49.952,6.953,
49.933,6.767,
49.94,6.741,
49.957,6.782,
49.9,6.783,
49.865,6.937,
49.876,6.845,
49.957,6.912,
50.033,6.867,
49.917,6.95,
49.967,6.817,
49.917,6.75,
49.9,6.85,
49.9,6.95,
49.9,6.833,
49.967,6.717,
49.95,6.733,
50.0,6.833,
49.941,6.818,
49.9,6.75,
49.883,6.817,
49.9,6.883,
49.983,6.767,
49.933,6.85,
49.983,6.683,
50.1,6.883,
50.083,6.833,
50.117,6.85,
50.094,6.756,
50.097,6.81,
50.033,6.683,
50.033,6.9,
50.033,6.933,
50.067,6.95,
50.083,6.933,
50.033,6.717,
50.085,6.76,
50.067,6.867,
50.017,6.683,
50.067,6.883,
50.083,6.867,
50.05,6.917,
50.044,6.723,
50.083,6.883,
50.017,6.8,
50.033,6.833,
50.05,6.8,
50.028,6.799,
49.983,7.083,
49.967,7.05,
50.067,6.983,
50.009,7.024,
50.017,7.067,
50.033,6.95,
50.017,7.0,
49.979,7.006,
50.197,6.829,
50.25,6.783,
50.133,6.883,
50.217,6.867,
50.267,6.867,
50.183,6.917,
50.133,6.85,
50.165,6.861,
50.1,6.95,
50.217,6.933,
50.233,6.867,
50.266,6.792,
50.233,6.883,
50.267,6.883,
50.183,6.95,
50.133,6.95,
50.25,6.933,
50.217,6.95,
50.233,6.917,
50.217,6.883,
50.25,6.917,
50.25,6.85,
50.183,6.883,
50.15,6.917,
50.15,6.8,
50.083,6.917,
50.15,6.95,
50.128,6.904,
50.133,6.9,
50.117,6.917,
50.222,6.66,
50.25,6.6,
50.103,6.731,
50.16,6.76,
50.25,6.75,
50.122,6.601,
50.23,6.745,
50.196,6.747,
50.133,6.717,
50.25,6.7,
50.236,6.756,
50.232,6.691,
50.25,6.733,
50.133,6.75,
50.117,6.683,
50.15,6.6,
50.153,6.691,
50.15,6.717,
50.239,6.719,
50.176,6.769,
50.133,6.783,
50.183,6.633,
50.183,6.583,
50.267,6.667,
50.292,6.67,
50.341,6.673,
50.3,6.6,
50.283,6.767,
50.283,6.633,
50.283,6.717,
50.31,6.73,
50.305,6.697,
50.333,6.783,
50.35,6.75,
50.333,6.6,
50.35,6.617,
50.344,6.581,
50.367,6.617,
50.333,6.583,
50.317,6.6,
50.317,6.617,
50.35,6.5,
50.35,6.533,
50.208,6.42,
50.183,6.35,
50.183,6.367,
50.233,6.417,
50.167,6.383,
50.233,6.467,
50.117,6.567,
50.217,6.5,
50.309,6.383,
50.133,6.3,
50.117,6.35,
50.133,6.317,
50.133,6.35,
50.283,6.567,
50.15,6.5,
50.1,6.45,
50.117,6.417,
50.083,6.417,
50.203,6.528,
50.283,6.467,
50.267,6.567,
50.1,6.533,
50.108,6.518,
50.183,6.267,
50.326,6.442,
50.267,6.483,
50.133,6.367,
50.16,6.34,
50.2,6.45,
50.3,6.333,
50.167,6.517,
50.15,6.3,
50.272,6.455,
50.15,6.383,
50.3,6.483,
50.233,6.533,
50.25,6.3,
50.233,6.283,
50.25,6.267,
50.233,6.25,
50.233,6.317,
50.217,6.25,
50.233,6.367,
50.22,6.309,
50.217,6.55,
50.354,6.438,
50.359,6.422,
50.117,6.483,
50.117,6.467,
50.1,6.483,
50.167,6.417,
50.167,6.433,
50.159,6.468,
50.15,6.417,
50.183,6.45,
50.15,6.433,
50.133,6.433,
50.133,6.45,
50.217,6.217,
50.15,6.183,
50.117,6.167,
50.133,6.167,
50.117,6.217,
50.133,6.217,
50.1,6.2,
50.179,6.223,
50.117,6.3,
50.117,6.183,
50.117,6.2,
50.15,6.233,
50.15,6.2,
50.133,6.25,
49.968,6.527,
49.95,6.483,
49.933,6.5,
49.98,6.589,
49.933,6.517,
50.017,6.417,
50.017,6.517,
49.917,6.567,
50.05,6.45,
49.932,6.555,
49.933,6.45,
50.033,6.483,
50.067,6.517,
49.983,6.45,
49.933,6.483,
50.04,6.471,
50.067,6.5,
49.876,6.575,
50.017,6.4,
50.067,6.467,
49.969,6.405,
49.907,6.466,
50.023,6.542,
50.033,6.5,
50.015,6.451,
49.917,6.6,
49.983,6.417,
49.933,6.583,
49.978,6.39,
50.0,6.5,
50.033,6.45,
49.917,6.467,
49.967,6.583,
50.067,6.483,
49.916,6.527,
49.917,6.583,
50.0,6.383,
50.0,6.45,
49.89,6.517,
49.983,6.433,
50.017,6.383,
49.9,6.567,
49.967,6.417,
49.933,6.367,
49.958,6.355,
49.97,6.364,
49.933,6.383,
49.967,6.35,
49.917,6.367,
49.963,6.374,
49.933,6.4,
49.942,6.402,
49.953,6.382,
49.975,6.637,
49.967,6.617,
49.992,6.646,
50.117,6.383,
50.083,6.333,
50.1,6.4,
50.133,6.383,
50.093,6.363,
50.083,6.367,
50.117,6.367,
50.067,6.367,
50.083,6.383,
50.1,6.35,
50.067,6.4,
50.033,6.567,
50.039,6.595,
50.05,6.65,
50.067,6.6,
50.05,6.617,
50.1,6.6,
50.017,6.583,
50.05,6.583,
50.067,6.633,
50.033,6.617,
50.055,6.554,
50.1,6.55,
50.0,6.617,
50.017,6.65,
49.95,6.633,
49.95,6.7,
49.95,6.667,
49.933,6.633,
49.9,6.617,
49.907,6.632,
49.845,6.457,
49.817,6.433,
49.894,6.413,
49.867,6.4,
49.87,6.467,
49.876,6.48,
49.888,6.468,
49.9,6.4,
49.843,6.424,
49.867,6.433,
49.9,6.383,
49.853,6.358,
49.983,6.267,
49.983,6.2,
49.967,6.167,
50.033,6.25,
50.067,6.333,
50.017,6.3,
49.983,6.167,
50.0,6.217,
50.044,6.34,
49.967,6.183,
50.017,6.25,
50.0,6.183,
49.967,6.2,
50.013,6.293,
50.033,6.283,
50.024,6.228,
50.05,6.283,
49.983,6.233,
50.022,6.189,
50.05,6.267,
50.017,6.2,
49.967,6.25,
50.037,6.353,
50.033,6.317,
49.9,6.233,
49.925,6.26,
49.9,6.317,
50.0,6.35,
49.983,6.317,
49.973,6.318,
49.967,6.3,
49.93,6.297,
50.0,6.333,
49.933,6.283,
49.948,6.33,
49.95,6.267,
49.917,6.35,
49.876,6.289,
49.883,6.3,
49.917,6.317,
49.917,6.217,
49.9,6.25,
50.09,6.271,
50.067,6.217,
50.067,6.15,
50.033,6.15,
50.0,6.15,
50.05,6.133,
50.067,6.2,
50.067,6.25,
50.017,6.15,
50.083,6.183,
50.05,6.233,
50.07,6.184,
50.001,8.269,
50.0,8.271,
50.02,8.232,
49.995,8.237,
50.002,8.215,
49.984,8.177,
49.981,8.242,
49.966,8.266,
49.987,8.296,
49.982,8.261,
49.971,8.059,
49.747,8.115,
49.806,8.116,
49.708,8.089,
49.718,8.106,
49.804,8.194,
49.778,8.099,
49.729,8.003,
49.726,8.03,
49.797,8.171,
49.774,8.121,
49.746,8.003,
49.706,8.165,
49.758,8.174,
49.722,8.113,
49.715,8.119,
49.733,7.983,
49.742,8.173,
49.754,8.031,
49.721,8.228,
49.683,8.155,
49.71,8.184,
49.691,8.149,
49.708,8.143,
49.724,8.201,
49.767,8.0,
49.783,8.06,
49.785,8.04,
49.779,8.077,
49.785,8.194,
50.017,8.167,
50.0,8.126,
49.974,8.117,
49.912,8.205,
49.937,8.189,
49.89,8.225,
49.931,8.156,
49.933,8.094,
49.938,8.212,
49.894,8.085,
49.922,8.08,
49.904,8.065,
49.883,8.201,
49.912,8.125,
49.855,8.36,
49.837,8.35,
49.847,8.317,
49.794,8.257,
49.827,8.295,
49.861,8.255,
49.836,8.257,
49.816,8.273,
49.846,8.247,
49.81,8.289,
49.861,8.237,
49.796,8.289,
49.838,8.219,
49.817,8.344,
49.88,8.265,
49.87,8.336,
49.843,8.092,
49.849,8.124,
49.826,8.132,
49.81,8.127,
49.865,8.172,
49.81,8.057,
49.884,8.082,
49.828,8.176,
49.877,8.136,
49.935,8.32,
49.898,8.295,
49.905,8.264,
49.916,8.273,
49.915,8.339,
49.967,7.899,
50.017,7.783,
50.033,7.783,
50.01,7.847,
50.033,7.817,
50.033,7.75,
49.957,7.865,
50.05,7.7,
50.057,7.769,
49.943,7.894,
49.95,7.833,
50.108,7.725,
50.067,7.7,
50.133,7.717,
50.117,7.7,
50.1,7.683,
49.957,8.016,
49.9,8.029,
49.913,8.042,
49.93,8.033,
49.944,7.971,
49.933,7.8,
49.95,7.783,
49.967,7.75,
49.944,7.773,
49.967,7.717,
49.917,7.783,
49.927,7.8,
49.94,7.749,
49.917,7.75,
49.945,7.72,
49.9,7.9,
49.9,7.767,
49.9,7.817,
49.917,7.9,
49.889,7.847,
49.917,7.867,
49.933,7.867,
49.9,7.967,
49.9,7.933,
49.9,7.983,
49.908,7.916,
49.95,7.483,
49.983,7.567,
49.967,7.5,
49.95,7.467,
50.017,7.583,
50.05,7.533,
50.05,7.583,
49.982,7.524,
50.017,7.567,
49.967,7.483,
50.033,7.533,
50.017,7.533,
50.033,7.567,
49.95,7.533,
50.017,7.417,
50.017,7.483,
49.933,7.517,
49.938,7.544,
49.983,7.45,
49.933,7.483,
50.0,7.433,
49.983,7.517,
49.983,7.5,
49.983,7.467,
50.007,7.493,
49.967,7.367,
49.95,7.367,
49.967,7.333,
49.95,7.35,
49.983,7.367,
49.967,7.35,
49.944,7.407,
49.917,7.4,
49.9,7.4,
49.917,7.45,
49.917,7.383,
49.983,7.4,
49.933,7.433,
49.95,7.45,
49.967,7.417,
49.867,7.433,
49.933,7.267,
49.883,7.267,
50.0,7.367,
49.898,7.242,
49.97,7.439,
49.95,7.3,
49.883,7.233,
49.9,7.417,
49.933,7.333,
49.917,7.35,
49.897,7.305,
49.933,7.317,
49.9,7.35,
49.867,7.417,
49.883,7.417,
49.894,7.478,
49.917,7.5,
49.883,7.467,
49.867,7.5,
49.9,7.283,
49.9,7.25,
49.921,7.28,
50.033,7.633,
50.033,7.683,
50.011,7.673,
50.0,7.6,
50.017,7.617,
50.017,7.6,
50.009,7.696,
49.967,7.6,
49.983,7.617,
49.982,7.644,
49.959,7.557,
49.837,7.865,
49.848,7.838,
49.799,7.924,
49.777,7.893,
49.85,7.95,
49.75,7.9,
49.8,7.9,
49.817,7.933,
49.867,7.933,
49.825,7.899,
49.878,7.896,
49.767,7.567,
49.776,7.617,
49.85,7.633,
49.786,7.652,
49.867,7.633,
49.777,7.689,
49.75,7.65,
49.733,7.617,
49.833,7.567,
49.8,7.617,
49.833,7.6,
49.798,7.593,
49.765,7.706,
49.833,7.967,
49.867,7.983,
49.833,7.95,
49.883,7.967,
49.867,7.967,
49.836,8.051,
49.846,8.048,
49.866,8.069,
49.867,8.014,
49.872,8.039,
49.812,7.845,
49.8,7.783,
49.783,7.833,
49.8,7.75,
49.811,7.815,
49.783,7.733,
49.767,7.833,
49.707,7.668,
49.717,7.65,
49.7,7.633,
49.733,7.683,
49.717,7.633,
49.717,7.6,
49.85,7.817,
49.877,7.76,
49.883,7.8,
49.833,7.683,
49.9,7.683,
49.867,7.767,
49.817,7.817,
49.8,7.717,
49.855,7.773,
49.817,7.8,
49.883,7.65,
49.867,7.667,
49.845,7.727,
49.833,7.767,
49.867,7.75,
49.867,7.833,
49.883,7.683,
49.833,7.717,
49.883,7.7,
49.9,7.717,
49.9,7.733,
49.867,7.65,
49.867,7.817,
49.883,7.767,
49.817,7.717,
49.8,7.7,
49.817,7.967,
49.817,7.983,
49.835,8.021,
49.767,7.967,
49.8,7.983,
49.8,7.95,
49.783,7.967,
49.817,7.483,
49.809,7.45,
49.85,7.483,
49.817,7.517,
49.81,7.42,
49.8,7.5,
49.755,7.493,
49.833,7.4,
49.733,7.55,
49.717,7.517,
49.783,7.5,
49.817,7.5,
49.789,7.458,
49.733,7.6,
49.867,7.367,
49.783,7.417,
49.75,7.5,
49.85,7.417,
49.772,7.389,
49.8,7.4,
49.81,7.523,
49.817,7.433,
49.717,7.55,
49.883,7.367,
49.883,7.333,
49.864,7.342,
49.867,7.317,
49.833,7.35,
49.843,7.378,
49.793,7.56,
49.8,7.567,
49.8,7.533,
49.85,7.517,
49.845,7.547,
49.85,7.533,
49.75,7.333,
49.733,7.35,
49.714,7.308,
49.75,7.25,
49.733,7.4,
49.783,7.333,
49.817,7.383,
49.825,7.298,
49.695,7.504,
49.717,7.25,
49.726,7.442,
49.817,7.283,
49.798,7.226,
49.707,7.461,
49.833,7.333,
49.74,7.253,
49.755,7.167,
49.8,7.367,
49.79,7.246,
49.733,7.317,
49.756,7.301,
49.783,7.317,
49.8,7.333,
49.717,7.417,
49.775,7.197,
49.788,7.304,
49.817,7.3,
49.75,7.45,
49.807,7.237,
49.7,7.483,
49.767,7.167,
49.733,7.467,
49.767,7.333,
49.817,7.333,
49.767,7.3,
49.817,7.35,
49.85,7.283,
49.783,7.183,
49.633,7.183,
49.65,7.217,
49.633,7.133,
49.667,7.2,
49.65,7.15,
49.617,7.15,
49.683,7.167,
49.652,7.167,
49.7,7.15,
49.617,7.1,
49.667,7.167,
49.65,7.1,
49.633,7.117,
49.655,7.12,
49.7,7.267,
49.65,7.267,
49.683,7.25,
49.717,7.2,
49.733,7.233,
49.683,7.133,
49.667,7.283,
49.625,7.09,
49.717,7.267,
49.7,7.217,
49.683,7.2,
49.633,7.25,
49.706,7.175,
49.583,7.2,
49.617,7.2,
49.649,7.397,
49.6,7.25,
49.583,7.267,
49.567,7.217,
49.583,7.233,
49.641,7.287,
49.62,7.289,
49.567,7.283,
49.578,7.293,
49.583,7.317,
49.583,7.283,
49.617,7.25,
49.583,7.217,
50.357,7.593,
50.385,7.574,
50.358,7.525,
50.359,7.581,
50.32,7.568,
50.35,7.6,
50.3,7.617,
50.335,7.714,
50.293,7.718,
50.333,7.683,
50.35,7.75,
50.317,7.683,
50.333,7.767,
50.333,7.667,
50.231,7.59,
50.423,7.579,
50.396,7.624,
50.4,7.617,
50.383,7.633,
50.417,7.6,
50.435,7.669,
50.406,7.699,
50.456,7.687,
50.463,7.676,
50.385,7.499,
50.358,7.46,
50.4,7.467,
50.411,7.562,
50.417,7.517,
50.417,7.55,
50.465,7.728,
50.47,7.702,
50.467,7.667,
50.467,7.633,
50.511,7.7,
50.477,7.644,
50.464,7.662,
50.498,7.691,
50.467,7.617,
50.5,7.7,
50.517,7.717,
50.55,7.717,
50.532,7.756,
50.516,7.725,
50.517,7.75,
50.521,7.797,
50.535,7.828,
50.583,7.717,
50.562,7.745,
50.533,7.883,
50.559,7.835,
50.583,7.8,
50.53,7.832,
50.511,7.772,
50.496,7.819,
50.5,7.833,
50.574,7.787,
50.543,7.785,
50.537,7.725,
50.533,7.863,
50.51,7.812,
50.547,7.834,
50.516,7.872,
50.584,7.783,
50.541,7.87,
50.564,7.851,
50.549,7.747,
50.527,7.714,
50.583,7.733,
50.172,7.302,
50.185,7.34,
50.194,7.371,
50.564,7.693,
50.547,7.653,
50.483,7.6,
50.605,7.682,
50.606,7.734,
50.577,7.69,
50.514,7.608,
50.5,7.633,
50.517,7.65,
50.133,7.6,
50.15,7.583,
50.155,7.552,
50.15,7.617,
50.15,7.55,
50.172,7.557,
50.183,7.533,
50.183,7.45,
50.15,7.5,
50.2,7.433,
50.217,7.483,
50.167,7.483,
50.183,7.55,
50.067,7.55,
50.125,7.365,
50.033,7.45,
50.069,7.441,
50.083,7.45,
50.017,7.45,
50.033,7.467,
50.083,7.517,
50.1,7.417,
50.05,7.45,
50.117,7.383,
50.067,7.483,
50.05,7.5,
50.061,7.415,
50.183,7.4,
50.15,7.4,
50.1,7.35,
50.133,7.35,
50.083,7.433,
50.167,7.35,
50.083,7.483,
50.106,7.462,
50.076,7.389,
50.126,7.528,
50.05,7.617,
50.133,7.567,
50.117,7.633,
50.133,7.633,
50.133,7.533,
50.082,7.581,
50.083,7.633,
50.121,7.556,
50.077,7.604,
50.094,7.565,
50.117,7.617,
50.133,7.583,
50.033,7.6,
50.107,7.559,
50.112,7.579,
50.226,7.352,
50.246,7.362,
50.273,7.345,
50.267,7.35,
50.267,7.395,
50.31,7.405,
50.317,7.367,
50.3,7.367,
50.35,7.383,
50.604,7.574,
50.623,7.549,
50.583,7.6,
50.55,7.6,
50.589,7.572,
50.567,7.6,
50.575,7.625,
50.583,7.65,
50.583,7.55,
50.558,7.583,
50.281,7.617,
50.273,7.626,
50.259,7.648,
50.283,7.55,
50.149,7.707,
50.302,7.456,
50.252,7.442,
50.233,7.45,
50.333,7.467,
50.314,7.472,
50.233,7.417,
50.25,7.45,
50.26,7.445,
50.283,7.467,
50.283,7.45,
50.211,7.39,
50.233,7.433,
50.317,7.517,
50.384,7.71,
50.389,7.674,
50.383,7.733,
50.379,7.75,
50.378,7.723,
50.274,7.645,
50.243,7.681,
50.245,7.612,
50.223,7.624,
50.24,7.585,
50.2,7.667,
50.158,7.714,
50.183,7.683,
50.15,7.733,
50.1,7.75,
50.117,7.8,
50.21,7.696,
50.127,7.766,
50.183,7.65,
50.088,7.761,
50.236,7.739,
50.167,7.833,
50.199,7.859,
50.249,7.837,
50.259,7.759,
50.233,7.869,
50.246,7.748,
50.167,7.867,
50.202,7.818,
50.15,7.883,
50.201,7.806,
50.2,7.867,
50.25,7.867,
50.256,7.869,
50.27,7.79,
50.199,7.837,
50.254,7.811,
50.258,7.772,
50.133,7.883,
50.167,7.767,
50.133,7.867,
50.206,7.784,
50.167,7.817,
50.24,7.813,
50.228,7.759,
50.254,7.791,
50.167,7.75,
50.216,7.825,
50.167,7.717,
50.15,7.767,
50.248,7.766,
50.223,7.782,
50.212,7.766,
50.242,7.89,
50.15,7.833,
50.238,7.785,
50.183,7.717,
50.15,7.783,
50.214,7.727,
50.226,7.832,
50.189,7.8,
50.255,7.897,
50.272,7.942,
50.267,7.896,
50.267,7.973,
50.277,7.932,
50.276,7.97,
50.259,8.007,
50.233,8.017,
50.292,7.876,
50.23,8.023,
50.249,7.955,
50.246,8.01,
50.303,7.994,
50.32,7.922,
50.283,7.983,
50.231,7.939,
50.254,7.961,
50.306,7.92,
50.317,7.967,
50.268,7.999,
50.237,7.969,
50.304,7.95,
50.287,7.921,
50.317,7.867,
50.307,7.769,
50.315,7.8,
50.283,7.75,
50.367,7.9,
50.333,7.95,
50.35,7.783,
50.317,7.85,
50.344,7.881,
50.333,7.783,
50.326,7.883,
50.289,7.781,
50.303,7.752,
50.339,7.914,
50.35,7.933,
50.333,7.833,
50.304,7.777,
50.323,7.847,
50.332,7.911,
50.339,7.853,
50.436,7.823,
50.433,7.917,
50.408,7.81,
50.417,7.933,
50.45,7.917,
50.367,7.867,
50.4,7.85,
50.386,7.825,
50.426,7.974,
50.373,7.853,
50.359,7.846,
50.417,7.833,
50.467,7.883,
50.394,7.859,
50.417,7.883,
50.45,7.883,
50.373,7.798,
50.417,7.95,
50.392,7.817,
50.5,7.933,
50.45,7.967,
50.498,7.948,
50.5,7.867,
50.483,7.95,
50.483,7.933,
50.476,7.924,
50.483,7.983,
50.459,7.933,
50.51,7.964,
50.433,7.95,
50.46,7.948,
50.492,7.861,
50.45,7.983,
50.499,7.895,
50.472,7.798,
50.473,7.77,
50.472,7.837,
50.483,7.842,
50.467,7.833,
50.474,7.847,
50.486,7.78,
50.467,7.783,
50.591,7.965,
50.583,7.975,
50.561,7.92,
50.524,7.916,
50.55,7.933,
50.6,7.9,
50.541,7.981,
50.548,7.915,
50.533,7.95,
50.564,7.903,
50.583,7.983,
50.599,7.942,
50.521,7.972,
50.6,8.0,
50.6,7.883,
50.605,7.904,
50.583,7.917,
50.529,7.91,
50.532,7.961,
50.573,8.012,
50.523,7.921,
50.54,8.007,
50.559,8.017,
50.617,7.983,
50.65,7.95,
50.633,7.917,
50.667,8.017,
50.633,7.941,
50.683,7.983,
50.647,7.987,
50.617,7.933,
50.667,7.983,
50.645,8.003,
50.674,7.964,
50.633,7.967,
50.608,8.067,
50.667,8.083,
50.645,8.085,
50.647,8.06,
50.667,8.067,
50.633,8.117,
50.577,8.05,
50.567,8.083,
50.697,8.098,
50.668,8.088,
50.55,8.067,
50.654,8.04,
50.585,8.127,
50.676,8.055,
50.547,8.104,
50.589,8.1,
50.583,8.067,
50.613,8.026,
50.667,8.05,
50.642,8.106,
50.633,8.033,
50.588,8.084,
50.437,7.545,
50.456,7.469,
50.417,7.451,
50.517,7.517,
50.5,7.5,
50.524,7.489,
50.483,7.483,
50.533,7.467,
50.514,7.466,
50.533,7.567,
50.5,7.55,
50.5,7.583,
50.5,7.567,
50.55,7.533,
50.556,7.522,
50.533,7.517,
50.531,7.421,
50.517,7.417,
50.583,7.5,
50.583,7.483,
50.595,7.542,
50.604,7.516,
50.587,7.53,
50.598,7.529,
50.6,7.507,
50.569,7.527,
50.5,7.333,
50.483,7.35,
50.45,7.383,
50.431,7.404,
50.396,7.362,
50.393,7.393,
50.383,7.333,
50.414,7.327,
50.383,7.417,
50.45,7.183,
50.459,7.218,
50.45,7.2,
50.433,7.2,
50.467,7.167,
50.433,7.183,
50.433,7.283,
50.417,7.217,
50.433,7.25,
50.483,7.329,
50.455,7.277,
50.317,7.15,
50.35,7.2,
50.328,7.223,
50.3,7.033,
50.317,7.067,
50.333,7.017,
50.333,7.1,
50.383,7.033,
50.3,7.167,
50.377,7.092,
50.35,7.083,
50.367,7.15,
50.3,7.067,
50.383,7.117,
50.317,7.033,
50.317,7.117,
50.3,7.1,
50.283,7.083,
50.35,7.217,
50.35,7.05,
50.367,7.067,
50.367,7.017,
50.283,7.217,
50.383,7.083,
50.317,7.017,
50.35,7.25,
50.367,7.283,
50.357,7.277,
50.408,7.147,
50.4,7.183,
50.4,7.15,
50.4,7.117,
50.383,7.233,
50.417,7.067,
50.44,7.11,
50.42,7.117,
50.267,7.283,
50.283,7.267,
50.283,7.283,
50.3,7.313,
50.27,7.308,
50.333,7.317,
50.25,7.317,
50.239,7.312,
50.317,7.3,
50.219,7.279,
50.221,7.299,
50.217,7.25,
50.206,7.246,
50.243,7.258,
50.217,7.233,
50.233,7.073,
50.217,7.083,
50.231,7.139,
50.25,7.067,
50.267,7.083,
50.241,7.117,
50.225,7.182,
50.233,7.167,
50.245,7.226,
50.25,7.133,
50.233,7.2,
50.261,7.165,
50.25,7.1,
50.221,7.066,
50.233,7.233,
50.25,6.95,
50.183,7.0,
50.209,6.979,
50.233,6.95,
50.167,6.983,
50.24,6.984,
50.267,6.967,
50.255,6.978,
50.25,7.017,
50.25,7.033,
50.267,6.95,
50.267,7.05,
50.25,7.0,
50.283,6.983,
50.267,7.017,
50.283,7.05,
50.283,6.967,
50.129,7.122,
50.145,7.164,
50.15,7.217,
50.194,7.154,
50.15,7.233,
50.145,7.12,
50.2,7.2,
50.2,7.183,
50.133,7.233,
50.117,7.25,
50.1,7.117,
50.117,7.15,
50.183,7.133,
50.167,7.2,
50.1,7.2,
50.083,7.208,
50.083,7.2,
50.1,7.233,
50.173,7.083,
50.15,7.083,
50.167,7.017,
50.155,7.019,
50.1,7.083,
50.117,7.067,
50.117,7.05,
50.127,7.007,
50.15,6.983,
50.177,7.04,
50.167,7.283,
50.183,7.233,
50.183,7.267,
49.951,7.116,
49.967,7.133,
49.933,7.217,
49.924,7.189,
50.017,7.117,
49.984,7.13,
49.967,7.267,
49.95,7.233,
50.029,7.182,
50.1,7.3,
50.0,7.3,
50.067,7.233,
49.983,7.3,
50.083,7.283,
50.033,7.333,
50.0,7.333,
50.083,7.133,
50.033,7.25,
50.1,7.133,
49.988,7.272,
50.083,7.333,
50.083,7.317,
50.054,7.123,
50.054,7.137,
50.04,7.128,
50.067,7.033,
50.05,7.267,
50.033,7.283,
50.017,7.3,
50.05,7.283,
50.05,7.317,
50.039,7.302,
50.017,7.267,
50.017,7.15,
50.067,7.35,
50.777,7.886,
50.791,7.872,
50.76,7.854,
50.712,7.851,
50.75,7.85,
50.7,7.933,
50.717,7.983,
50.717,8.0,
50.733,7.817,
50.78,7.89,
50.75,7.9,
50.783,7.9,
50.707,7.903,
50.749,7.923,
50.7,8.034,
50.711,7.96,
50.733,7.85,
50.8,7.683,
50.775,7.805,
50.779,7.735,
50.778,7.688,
50.783,7.667,
50.75,7.717,
50.746,7.77,
50.762,7.7,
50.75,7.65,
50.783,7.767,
50.809,7.886,
50.817,7.933,
50.825,7.944,
50.777,7.954,
50.733,7.967,
50.85,7.833,
50.85,7.867,
50.765,7.678,
50.754,7.686,
50.733,7.883,
50.75,7.817,
50.75,7.833,
50.733,7.767,
50.815,7.822,
50.698,7.884,
50.699,7.875,
50.8,7.833,
50.787,7.841,
50.725,7.928,
50.817,7.733,
50.75,7.6,
50.733,7.617,
50.76,7.649,
50.686,7.642,
50.717,7.65,
50.683,7.666,
50.683,7.707,
50.683,7.633,
50.667,7.683,
50.7,7.717,
50.733,7.7,
50.7,7.583,
50.717,7.633,
50.694,7.62,
50.717,7.717,
50.717,7.617,
50.717,7.683,
50.717,7.7,
50.693,7.582,
50.733,7.6,
50.696,7.74,
50.725,7.658,
50.733,7.65,
50.733,7.733,
50.667,7.733,
50.65,7.617,
50.65,7.717,
50.667,7.71,
50.617,7.633,
50.6,7.65,
50.648,7.693,
50.633,7.6,
50.666,7.627,
50.667,7.65,
50.642,7.829,
50.691,7.756,
50.699,7.76,
50.66,7.823,
50.695,7.778,
50.606,7.866,
50.683,7.933,
50.7,7.8,
50.7,7.833,
50.719,7.792,
50.694,7.815,
50.6,7.85,
50.673,7.898,
50.727,7.783,
50.646,7.77,
50.683,7.783,
50.634,7.745,
50.591,7.836,
50.7,7.75,
50.717,7.817,
50.633,7.817,
50.722,7.741,
50.639,7.757,
50.667,7.533,
50.667,7.483,
50.681,7.546,
50.633,7.533,
50.64,7.565,
50.606,7.476,
50.618,7.497,
50.633,7.517,
50.667,7.55,
50.683,7.533,
50.683,7.567,
50.65,7.55,
50.647,7.527,
50.617,7.467,
50.667,7.567,
50.633,7.567,
50.717,7.55,
50.7,7.5,
50.717,7.6,
50.733,7.533,
50.7,7.517,
50.709,7.46,
50.7,7.533,
50.717,7.517,
50.683,7.5,
50.683,7.483,
50.717,7.583,
50.7,7.667,
50.7,7.683,
50.669,7.585,
50.667,7.6,
50.626,7.666,
50.638,7.65,
50.623,7.517,
50.633,7.867,
50.633,7.726,
50.65,7.733,
50.667,7.767,
50.676,7.838,
50.617,7.883,
50.633,7.9,
50.649,7.908,
50.667,7.917,
50.086,7.821,
50.391,8.007,
50.345,8.05,
50.35,7.967,
50.355,8.048,
50.356,7.952,
50.325,8.077,
50.4,7.9,
50.405,7.93,
50.317,8.05,
50.379,7.986,
50.342,7.943,
50.283,8.083,
50.3,8.1,
50.379,7.925,
50.4,7.983,
50.374,8.007,
50.386,8.002,
50.3,8.067,
50.277,8.055,
50.317,8.1,
50.283,8.033,
50.367,7.983,
50.358,8.003,
50.333,8.05,
49.247,7.37,
49.217,7.483,
49.303,7.473,
49.3,7.517,
49.183,7.417,
49.183,7.45,
49.279,7.464,
49.2,7.367,
49.2,7.467,
49.25,7.433,
49.183,7.4,
49.188,7.369,
49.317,7.433,
49.3,7.417,
49.234,7.474,
49.183,7.5,
49.267,7.533,
49.283,7.51,
49.233,7.5,
49.413,7.57,
49.317,7.65,
49.333,7.65,
49.383,7.583,
49.35,7.65,
49.383,7.617,
49.367,7.633,
49.4,7.483,
49.367,7.55,
49.417,7.617,
49.567,7.4,
49.55,7.367,
49.514,7.392,
49.538,7.405,
49.583,7.4,
49.517,7.367,
49.5,7.3,
49.533,7.283,
49.514,7.293,
49.539,7.328,
49.509,7.354,
49.567,7.367,
49.533,7.433,
49.558,7.351,
49.517,7.433,
49.583,7.383,
49.521,7.333,
49.517,7.333,
49.444,7.555,
49.5,7.55,
49.457,7.527,
49.459,7.47,
49.517,7.583,
49.483,7.533,
49.533,7.517,
49.516,7.51,
49.417,7.483,
49.569,7.458,
49.55,7.467,
49.617,7.533,
49.583,7.517,
49.583,7.5,
49.6,7.467,
49.583,7.533,
49.583,7.45,
49.535,7.557,
49.533,7.45,
49.54,7.53,
49.533,7.483,
49.5,7.483,
49.542,7.444,
49.617,7.517,
49.574,7.442,
49.383,7.433,
49.35,7.4,
49.35,7.517,
49.367,7.433,
49.367,7.483,
49.333,7.417,
49.333,7.45,
49.333,7.467,
49.383,7.5,
49.35,7.433,
49.407,7.372,
49.454,7.299,
49.45,7.35,
49.43,7.336,
49.417,7.4,
49.443,7.321,
49.432,7.36,
49.433,7.4,
49.472,7.442,
49.486,7.442,
49.45,7.45,
49.483,7.35,
49.485,7.376,
49.5,7.467,
49.475,7.42,
49.467,7.333,
49.5,7.383,
49.494,7.328,
49.467,7.4,
49.45,7.383,
49.383,7.333,
49.416,7.306,
49.433,7.267,
49.333,7.5,
49.317,7.521,
49.317,7.483,
49.305,7.548,
49.35,7.583,
49.337,7.608,
49.317,7.633,
49.317,7.55,
49.317,7.583,
49.333,7.55,
49.215,7.629,
49.207,7.591,
49.184,7.613,
49.133,7.517,
49.197,7.69,
49.139,7.544,
49.117,7.567,
49.15,7.533,
49.167,7.583,
49.133,7.533,
49.156,7.552,
49.173,7.651,
49.239,7.64,
49.245,7.731,
49.261,7.677,
49.265,7.642,
49.274,7.769,
49.217,7.7,
49.267,7.583,
49.233,7.567,
49.233,7.55,
49.25,7.567,
49.224,7.507,
49.29,7.607,
49.151,7.778,
49.061,7.748,
49.087,7.721,
49.083,7.667,
49.033,7.75,
49.142,7.822,
49.157,7.812,
49.2,7.75,
49.483,8.438,
49.471,8.445,
49.499,8.411,
49.46,8.416,
49.481,8.435,
49.523,8.402,
49.489,8.379,
49.456,8.081,
49.384,8.377,
49.441,8.356,
49.424,8.392,
49.436,8.495,
49.44,8.309,
49.419,8.282,
49.43,8.261,
49.488,8.292,
49.481,8.262,
49.461,8.292,
49.428,8.425,
49.408,8.184,
49.426,8.191,
49.404,8.239,
49.415,8.21,
49.4,8.196,
49.448,8.171,
49.462,8.259,
49.447,8.223,
49.448,8.239,
49.395,8.44,
49.372,8.448,
49.489,8.225,
49.491,8.176,
49.539,8.354,
49.538,8.225,
49.548,8.264,
49.554,8.235,
49.587,8.358,
49.514,8.288,
49.563,8.245,
49.507,8.212,
49.518,8.248,
49.546,8.308,
49.561,8.319,
49.587,8.322,
49.563,8.291,
49.575,8.312,
49.563,8.163,
49.572,8.136,
49.542,8.139,
49.568,8.211,
49.611,8.164,
49.539,8.15,
49.532,8.139,
49.509,8.179,
49.524,8.151,
49.513,8.154,
49.521,8.187,
49.607,8.185,
49.584,8.126,
49.568,8.109,
49.536,8.204,
49.537,8.181,
49.544,8.204,
49.663,8.015,
49.697,8.026,
49.669,8.092,
49.7,8.0,
49.718,8.046,
49.69,8.075,
49.7,7.967,
49.665,8.058,
49.66,8.072,
49.67,8.033,
49.639,8.012,
49.633,8.04,
49.576,8.06,
49.562,8.026,
49.537,8.013,
49.595,8.051,
49.649,8.097,
49.649,8.14,
49.643,8.134,
49.628,8.118,
49.643,8.149,
49.636,8.105,
49.587,8.098,
49.626,8.109,
49.616,8.088,
49.605,8.107,
49.652,8.125,
49.536,8.074,
49.539,8.104,
49.504,8.042,
49.508,8.073,
49.522,8.062,
49.321,8.431,
49.295,8.407,
49.254,8.339,
49.272,8.272,
49.245,8.274,
49.27,8.329,
49.26,8.286,
49.246,8.324,
49.319,8.389,
49.317,8.341,
49.294,8.345,
49.291,8.266,
49.233,8.247,
49.346,8.149,
49.35,8.136,
49.357,8.138,
49.363,8.258,
49.381,8.304,
49.37,8.073,
49.44,7.977,
49.376,8.049,
49.389,8.046,
49.367,7.933,
49.383,7.983,
49.38,8.099,
49.417,8.0,
49.284,8.127,
49.284,8.237,
49.282,8.174,
49.27,8.224,
49.287,8.216,
49.263,8.135,
49.269,8.176,
49.263,8.187,
49.305,8.132,
49.3,8.105,
49.302,8.166,
49.633,8.362,
49.636,8.334,
49.636,8.36,
49.616,8.275,
49.704,8.324,
49.75,8.399,
49.768,8.34,
49.778,8.375,
49.732,8.433,
49.74,8.326,
49.797,8.346,
49.769,8.27,
49.776,8.256,
49.779,8.28,
49.637,8.212,
49.606,8.238,
49.647,8.169,
49.662,8.255,
49.608,8.228,
49.619,8.226,
49.675,8.209,
49.682,8.224,
49.704,8.248,
49.728,8.292,
49.744,8.237,
49.76,8.245,
49.696,8.203,
49.676,8.238,
49.45,7.75,
49.443,7.766,
49.45,7.795,
49.447,7.761,
49.413,7.711,
49.436,7.75,
49.483,7.9,
49.491,7.855,
49.517,7.917,
49.528,7.853,
49.512,7.867,
49.483,7.633,
49.496,7.594,
49.5,7.633,
49.5,7.617,
49.467,7.583,
49.473,7.658,
49.442,7.895,
49.45,7.917,
49.4,7.883,
49.503,7.77,
49.55,7.767,
49.538,7.745,
49.583,7.7,
49.55,7.717,
49.359,7.775,
49.378,7.738,
49.367,7.667,
49.35,7.683,
49.283,7.667,
49.326,7.697,
49.317,7.717,
49.333,7.733,
49.54,7.822,
49.567,7.85,
49.566,7.885,
49.577,7.842,
49.583,7.767,
49.55,7.9,
49.6,7.783,
49.556,7.796,
49.567,7.967,
49.578,7.942,
49.55,7.85,
49.55,7.883,
49.55,7.933,
49.486,7.734,
49.52,7.679,
49.5,7.7,
49.517,7.667,
49.517,7.717,
49.539,7.659,
49.533,7.633,
49.65,7.567,
49.65,7.65,
49.65,7.593,
49.633,7.517,
49.667,7.65,
49.633,7.6,
49.633,7.55,
49.65,7.533,
49.683,7.583,
49.683,7.567,
49.633,7.567,
49.7,7.533,
49.633,7.5,
49.6,7.717,
49.7,7.567,
49.65,7.517,
49.617,7.717,
49.667,7.617,
49.617,7.633,
49.65,7.617,
49.667,7.483,
49.667,7.533,
49.667,7.517,
49.683,7.65,
49.617,7.551,
49.6,7.55,
49.584,7.605,
49.6,7.617,
49.567,7.617,
49.55,7.6,
49.633,7.667,
49.6,7.683,
49.6,7.583,
49.558,7.564,
49.583,7.55,
49.6,7.667,
49.55,7.633,
49.6,7.733,
49.633,7.7,
49.645,7.809,
49.65,7.75,
49.615,7.792,
49.617,7.75,
49.635,7.887,
49.633,7.733,
49.63,7.821,
49.617,8.0,
49.65,7.867,
49.6,7.883,
49.683,7.8,
49.667,7.767,
49.75,7.933,
49.583,7.817,
49.65,7.883,
49.633,7.767,
49.6,7.8,
49.617,7.983,
49.6,7.95,
49.667,7.783,
49.667,7.817,
49.683,7.867,
49.667,7.867,
49.617,7.95,
49.629,7.944,
49.603,8.011,
49.6,7.983,
49.583,7.883,
49.71,7.917,
49.717,7.817,
49.733,7.8,
49.733,7.883,
49.75,7.867,
49.7,7.867,
49.733,7.833,
49.683,7.75,
49.683,7.783,
49.717,7.867,
49.667,7.733,
49.7,7.767,
49.717,7.783,
49.733,7.733,
49.728,7.773,
49.717,7.75,
49.767,7.8,
49.759,7.789,
49.65,7.683,
49.683,7.683,
49.683,7.7,
49.7,7.7,
49.223,8.364,
49.049,8.26,
49.065,8.077,
49.093,8.275,
49.198,8.279,
49.153,8.293,
49.118,8.278,
49.017,8.25,
48.983,8.2,
49.111,8.245,
49.166,8.326,
49.146,8.314,
49.124,8.345,
48.983,8.25,
49.118,8.319,
48.981,8.14,
49.196,8.029,
49.183,8.019,
49.203,8.038,
49.145,8.055,
49.137,8.091,
49.162,8.041,
49.174,8.019,
49.162,8.113,
49.182,8.055,
49.237,8.093,
49.209,8.051,
49.238,8.144,
49.237,8.127,
49.228,8.058,
49.246,8.119,
49.248,8.078,
49.27,8.108,
49.242,8.069,
49.258,8.101,
49.267,8.085,
49.243,8.095,
49.192,7.855,
49.209,7.873,
49.15,7.883,
49.2,7.883,
49.183,7.9,
49.167,7.883,
49.167,7.9,
49.206,7.975,
49.167,7.967,
49.15,7.967,
49.15,7.95,
49.167,7.933,
49.26,8.008,
49.219,8.03,
49.247,8.005,
49.15,7.933,
49.217,7.917,
49.25,7.967,
49.191,7.928,
49.167,7.983,
49.153,8.255,
49.141,8.222,
49.158,8.147,
49.137,8.129,
49.083,8.197,
49.098,8.117,
49.072,8.145,
49.065,8.114,
49.121,8.141,
49.111,8.187,
49.096,8.092,
49.196,8.198,
49.191,8.232,
49.192,8.251,
49.222,8.163,
49.236,8.175,
49.248,8.209,
49.103,7.961,
49.097,8.058,
49.1,7.933,
49.06,8.046,
49.146,7.872,
49.115,8.034,
49.07,7.97,
49.102,8.031,
49.081,8.067,
49.118,8.008,
49.053,7.956,
49.09,7.961,
49.099,8.069,
49.141,8.019,
49.044,8.022,
49.04,7.994,
49.048,8.037,
49.133,7.883,
49.126,8.006,
49.117,7.933,
49.096,7.808,
49.097,7.788,
49.083,7.85,
49.067,7.8,
49.117,7.8,
49.13,7.829,
49.067,7.867,
49.113,7.862,
53.467,10.317,
53.476,10.282,
53.517,10.249,
53.5,10.25,
53.386,10.566,
53.383,10.5,
53.374,10.551,
53.45,10.55,
53.417,10.5,
53.433,10.55,
53.45,10.5,
53.417,10.483,
53.4,10.533,
53.417,10.583,
53.387,10.605,
53.435,10.612,
53.575,10.571,
53.514,10.52,
53.546,10.535,
53.522,10.562,
53.525,10.533,
53.573,10.528,
53.6,10.483,
53.567,10.45,
53.503,10.481,
53.583,10.55,
53.577,10.474,
53.533,10.483,
53.55,10.467,
53.436,10.378,
53.45,10.417,
53.433,10.45,
53.467,10.417,
53.544,10.2,
53.511,10.618,
53.53,10.626,
53.512,10.589,
53.538,10.676,
53.48,10.668,
53.533,10.7,
53.48,10.618,
53.55,10.567,
53.501,10.741,
53.567,10.633,
53.495,10.647,
53.452,10.608,
53.473,10.561,
53.565,10.612,
53.492,10.564,
53.573,10.643,
53.495,10.36,
53.533,10.317,
53.517,10.283,
53.493,10.425,
53.477,10.365,
53.467,10.467,
53.49,10.317,
53.543,10.169,
53.509,10.083,
53.531,10.121,
53.6,10.217,
53.61,10.245,
53.725,10.012,
53.71,9.995,
53.674,9.983,
53.685,9.998,
53.687,10.037,
53.6,9.85,
53.584,9.698,
53.567,10.167,
53.733,10.083,
53.675,10.226,
53.667,10.283,
53.609,10.509,
53.7,10.25,
53.604,10.451,
53.589,10.331,
53.568,10.416,
53.683,10.427,
53.714,10.322,
53.597,10.448,
53.733,10.217,
53.729,10.267,
53.613,10.34,
53.617,10.4,
53.633,10.467,
53.583,10.383,
53.583,10.45,
53.6,10.267,
53.7,10.2,
53.65,10.367,
53.65,10.317,
53.642,10.408,
53.583,10.4,
53.645,10.469,
53.633,10.3,
53.717,10.4,
53.695,10.348,
53.744,10.31,
53.567,10.333,
53.87,10.687,
53.868,10.685,
53.876,10.675,
53.867,10.648,
53.861,10.661,
53.847,10.684,
53.851,10.703,
53.87,10.699,
53.866,10.732,
53.892,10.758,
53.917,10.807,
53.867,10.7,
53.919,10.697,
53.892,10.647,
53.833,10.583,
53.9,10.55,
53.883,10.533,
53.883,10.467,
53.867,10.517,
53.867,10.567,
54.009,10.574,
53.95,10.733,
53.767,10.733,
53.8,10.75,
53.783,10.65,
53.767,10.667,
54.003,10.71,
53.995,10.777,
54.035,10.732,
54.033,10.75,
53.986,10.708,
54.121,10.647,
54.081,10.702,
54.172,10.56,
54.2,10.683,
54.098,10.436,
54.167,10.717,
54.05,10.517,
54.067,10.767,
54.107,10.815,
54.133,10.833,
54.133,10.883,
54.217,10.883,
54.226,10.972,
54.183,10.867,
54.2,10.917,
54.217,10.917,
54.24,10.833,
54.25,10.9,
54.15,10.967,
54.183,10.75,
54.193,11.062,
54.217,11.083,
54.233,11.033,
54.333,10.933,
54.267,10.767,
54.296,10.902,
54.283,10.95,
54.438,11.194,
54.37,10.98,
54.383,11.083,
54.301,11.007,
54.324,11.014,
53.943,10.302,
53.9,10.3,
53.967,10.317,
53.95,10.333,
53.95,10.25,
53.917,10.317,
53.945,10.311,
53.917,10.283,
53.917,10.25,
53.9,10.317,
53.923,10.371,
53.944,10.391,
53.983,10.25,
53.952,10.206,
54.009,10.314,
54.017,10.367,
53.921,10.442,
53.917,10.483,
53.933,10.45,
53.867,10.283,
53.883,10.3,
53.867,10.25,
53.846,10.243,
53.9,10.383,
53.95,10.467,
53.967,10.389,
54.05,10.417,
54.067,10.317,
54.042,10.319,
53.911,10.18,
53.876,10.197,
53.9,10.183,
53.983,10.417,
54.017,10.45,
53.983,10.35,
53.9,10.233,
53.922,10.221,
53.783,10.35,
53.812,10.374,
53.783,10.283,
53.85,10.333,
53.833,10.15,
53.867,10.367,
53.8,10.283,
53.883,10.383,
53.808,10.158,
53.847,10.174,
53.883,10.35,
53.746,10.567,
53.767,10.6,
53.733,10.567,
53.75,10.45,
53.75,10.533,
53.767,10.483,
53.783,10.55,
53.733,10.6,
53.783,10.45,
53.81,10.44,
53.773,10.383,
53.717,10.483,
53.708,10.461,
53.733,10.433,
53.733,10.367,
53.778,10.488,
53.8,10.5,
53.824,10.496,
53.85,10.5,
53.833,10.55,
53.85,10.433,
53.817,10.55,
53.8,10.567,
53.768,10.188,
53.756,10.132,
53.787,10.194,
53.8,10.133,
53.8,10.233,
53.767,10.267,
53.617,10.687,
53.617,10.567,
53.586,10.609,
53.617,10.617,
53.634,10.524,
53.667,10.667,
53.606,10.633,
53.623,10.662,
53.62,10.866,
53.574,10.681,
53.583,10.867,
53.633,10.767,
53.591,10.82,
53.617,10.817,
53.594,10.75,
53.617,10.733,
53.667,10.567,
53.633,10.583,
53.657,10.584,
53.667,10.617,
53.65,10.583,
53.683,10.617,
53.7,10.567,
53.717,10.55,
53.675,10.474,
53.71,10.521,
53.683,10.533,
53.683,10.5,
53.667,10.5,
53.533,10.733,
53.556,10.77,
53.667,10.717,
53.717,10.8,
53.683,10.7,
53.717,10.767,
53.717,10.783,
53.7,10.773,
53.694,10.809,
53.733,10.75,
53.683,10.883,
53.7,10.717,
53.75,10.683,
53.751,10.729,
53.71,10.695,
53.664,10.917,
53.656,10.826,
53.717,10.733,
53.663,10.757,
53.717,10.633,
53.733,10.65,
53.75,10.633,
53.7,10.667,
53.703,10.626,
54.321,10.133,
54.335,10.135,
54.351,10.12,
54.333,10.133,
54.341,10.049,
54.333,9.983,
54.317,10.033,
54.321,10.051,
54.267,10.067,
54.301,10.116,
54.316,10.13,
54.325,10.121,
54.333,10.118,
54.333,10.083,
54.306,10.145,
54.309,10.214,
54.319,10.17,
54.397,10.15,
54.4,10.133,
54.21,10.213,
54.24,10.249,
54.235,10.278,
54.2,10.317,
54.199,10.26,
54.267,10.283,
54.233,10.183,
54.23,10.294,
54.233,10.367,
54.367,9.95,
54.367,10.017,
54.467,10.0,
54.4,9.983,
54.433,9.95,
54.4,10.0,
54.383,9.9,
54.411,10.343,
54.383,10.35,
54.367,10.367,
54.4,10.317,
54.389,10.423,
54.4,10.35,
54.391,10.377,
54.383,10.4,
54.367,10.417,
54.25,10.067,
54.217,10.05,
54.217,10.067,
54.226,10.106,
54.233,10.133,
54.294,10.217,
54.281,10.249,
54.367,10.2,
54.467,10.083,
54.428,10.126,
54.433,10.167,
54.333,10.233,
54.319,10.28,
54.417,10.267,
54.4,10.283,
54.4,10.217,
54.412,10.29,
54.383,10.25,
54.283,10.4,
54.25,10.433,
54.289,10.427,
54.283,10.45,
54.313,9.966,
54.25,9.983,
54.217,10.017,
54.233,10.0,
54.2,10.033,
54.183,10.05,
54.2,10.017,
54.3,9.933,
54.417,10.05,
54.2,10.183,
54.211,10.144,
54.233,10.167,
54.283,10.017,
54.283,10.05,
54.35,10.183,
54.183,10.167,
54.2,10.133,
54.183,10.217,
54.176,10.193,
54.433,10.017,
54.367,10.317,
54.383,10.3,
54.35,10.333,
54.361,10.288,
54.256,10.024,
54.322,10.334,
54.333,10.417,
54.35,10.35,
54.35,10.45,
54.358,10.479,
54.367,10.5,
54.275,9.896,
54.167,10.367,
54.15,10.483,
54.183,10.433,
54.217,10.417,
54.162,10.423,
54.35,10.605,
54.3,10.533,
54.333,10.567,
54.317,10.517,
54.321,10.67,
54.283,10.6,
54.292,10.589,
54.333,10.517,
54.117,10.283,
54.1,10.4,
54.118,10.334,
54.15,10.345,
54.09,10.342,
54.282,10.658,
54.25,10.617,
54.25,10.633,
54.241,10.542,
54.25,10.517,
54.2,10.5,
54.468,9.838,
54.5,9.8,
54.433,9.867,
54.467,9.817,
54.433,9.817,
54.583,9.917,
54.582,9.936,
54.506,9.757,
54.541,9.817,
54.483,9.7,
54.483,9.667,
54.467,9.717,
54.433,9.717,
54.4,9.7,
54.433,9.7,
54.5,9.833,
54.383,9.733,
54.4,9.767,
54.417,9.733,
54.4,9.817,
54.383,9.7,
54.4,9.85,
54.55,9.883,
54.517,9.883,
54.45,9.75,
54.533,9.983,
54.633,9.917,
54.661,9.931,
54.717,9.983,
54.7,9.95,
54.633,9.75,
54.617,9.767,
54.667,9.817,
54.667,9.767,
54.654,9.769,
54.626,9.851,
54.667,9.8,
54.633,9.783,
54.615,9.821,
54.621,9.824,
54.633,9.817,
54.767,9.95,
54.717,9.867,
54.75,9.9,
54.75,9.817,
54.717,9.9,
54.767,9.933,
54.624,9.973,
54.617,9.967,
54.617,9.917,
54.633,9.983,
54.63,9.932,
54.65,9.717,
54.717,9.783,
54.683,9.983,
54.683,9.767,
54.667,9.717,
54.667,9.85,
54.633,9.85,
54.7,9.883,
54.072,9.983,
54.108,9.995,
54.1,10.033,
54.089,9.978,
54.061,9.998,
53.805,9.975,
53.783,10.083,
53.833,10.017,
53.867,9.917,
53.839,9.991,
53.833,9.958,
53.843,10.023,
53.933,9.95,
53.918,9.884,
53.947,9.827,
53.89,9.788,
53.9,9.833,
53.924,9.853,
54.176,10.069,
54.167,10.05,
54.167,9.967,
54.167,10.083,
54.183,10.117,
54.157,10.012,
54.2,10.0,
54.176,10.031,
54.167,9.883,
54.167,9.854,
54.2,9.867,
54.194,9.839,
54.183,9.933,
54.104,9.694,
54.067,9.667,
54.067,9.633,
54.083,9.6,
54.1,9.717,
54.133,9.75,
54.117,9.65,
54.133,9.7,
54.117,9.733,
54.05,9.7,
54.089,9.654,
53.967,10.083,
54.017,10.033,
54.0,10.067,
54.098,10.258,
54.1,10.217,
54.133,10.217,
54.112,10.206,
54.049,10.197,
54.04,10.215,
54.044,9.761,
54.083,9.783,
53.983,9.85,
53.989,9.868,
53.971,9.847,
54.023,9.793,
54.017,9.8,
53.983,9.817,
53.968,9.8,
54.083,10.183,
54.05,10.267,
54.067,10.233,
54.083,10.067,
54.133,9.817,
53.983,9.967,
54.117,10.05,
54.143,10.074,
54.05,10.083,
53.899,10.059,
53.817,10.017,
54.21,9.928,
53.833,9.85,
53.867,9.883,
54.05,9.917,
54.033,9.867,
54.017,10.167,
54.017,10.25,
54.117,10.133,
54.083,10.271,
53.883,9.967,
53.9,9.983,
53.85,10.133,
53.833,10.067,
53.842,10.112,
53.867,10.05,
54.15,9.95,
54.14,9.894,
54.133,9.933,
54.217,9.883,
54.05,9.9,
54.074,9.897,
53.944,9.887,
53.958,9.903,
54.307,9.663,
54.318,9.673,
54.333,9.667,
54.29,9.699,
54.283,9.65,
54.3,9.6,
54.3,9.817,
54.3,9.733,
54.313,9.716,
54.316,9.781,
54.333,9.75,
54.367,9.65,
54.167,9.767,
54.15,9.733,
54.2,9.767,
54.333,9.71,
54.367,9.75,
54.367,9.667,
54.333,9.9,
54.333,9.833,
54.322,9.873,
54.233,9.583,
54.206,9.524,
54.317,9.417,
54.267,9.417,
54.302,9.427,
54.333,9.467,
54.35,9.4,
54.267,9.517,
54.233,9.867,
54.214,9.795,
54.267,9.85,
54.3,9.317,
54.283,9.333,
54.225,9.519,
54.217,9.45,
54.283,9.467,
54.3,9.5,
54.267,9.467,
54.333,9.533,
54.233,9.667,
54.267,9.617,
54.393,9.592,
54.421,9.633,
54.404,9.679,
54.267,9.633,
54.367,9.817,
54.167,9.667,
54.183,9.617,
54.167,9.633,
54.167,9.7,
54.35,9.5,
54.133,9.617,
54.183,9.55,
54.167,9.583,
54.133,9.55,
54.522,9.559,
54.383,9.433,
54.417,9.517,
54.45,9.483,
54.4,9.45,
54.5,9.483,
54.55,9.5,
54.517,9.483,
54.583,9.317,
54.6,9.283,
54.617,9.383,
54.617,9.367,
54.592,9.417,
54.557,9.398,
54.5,9.6,
54.5,9.667,
54.617,9.55,
54.633,9.6,
54.6,9.583,
54.383,9.317,
54.4,9.383,
54.55,9.717,
54.533,9.717,
54.491,9.55,
54.483,9.5,
54.433,9.367,
54.475,9.411,
54.441,9.435,
54.65,9.517,
54.662,9.559,
54.459,9.337,
54.456,9.538,
54.45,9.567,
54.55,9.533,
54.583,9.517,
54.567,9.583,
54.55,9.633,
54.467,9.567,
54.467,9.617,
54.642,9.47,
54.517,9.383,
54.6,9.75,
54.617,9.7,
54.583,9.583,
54.6,9.55,
54.65,9.65,
54.631,9.639,
54.567,9.683,
54.6,9.683,
54.58,9.638,
54.5,9.317,
54.567,9.75,
54.406,9.299,
54.786,9.431,
54.798,9.421,
54.737,9.418,
54.765,9.411,
54.767,9.483,
54.791,9.467,
54.809,9.47,
54.8,9.383,
54.835,9.549,
54.8,9.567,
54.667,9.4,
54.657,9.369,
54.717,9.667,
54.7,9.25,
54.7,9.2,
54.767,9.783,
54.75,9.717,
54.755,9.761,
54.733,9.567,
54.75,9.533,
54.777,9.524,
54.767,9.583,
54.764,9.315,
54.807,9.598,
54.817,9.667,
54.771,9.653,
54.8,9.633,
54.743,9.102,
54.758,9.183,
54.733,9.167,
54.776,9.237,
54.758,9.223,
54.824,9.572,
54.692,9.605,
54.7,9.433,
54.718,9.423,
54.778,9.68,
54.7,9.517,
54.727,9.494,
54.633,9.3,
54.6,9.3,
54.833,9.2,
54.833,9.15,
54.85,9.183,
54.8,9.217,
54.812,9.173,
54.817,9.15,
54.727,9.736,
54.717,9.733,
54.683,9.333,
54.806,9.517,
53.788,9.736,
53.733,9.567,
53.748,9.595,
53.757,9.643,
53.767,9.567,
53.749,9.659,
53.722,9.654,
53.741,9.73,
53.749,9.685,
53.758,9.698,
53.8,9.417,
53.789,9.426,
53.783,9.483,
53.756,9.771,
53.817,9.733,
53.783,9.8,
53.825,9.769,
53.767,9.75,
53.792,9.767,
53.843,9.623,
53.817,9.617,
53.804,9.537,
53.843,9.534,
53.817,9.483,
53.817,9.517,
53.837,9.488,
53.85,9.717,
53.867,9.7,
53.857,9.68,
53.867,9.733,
53.797,9.687,
53.783,9.617,
53.718,9.598,
53.7,9.567,
53.726,9.769,
53.833,9.467,
53.833,9.433,
53.729,9.479,
53.659,9.801,
53.693,9.654,
53.708,9.681,
53.683,9.617,
53.667,9.667,
53.7,9.65,
53.7,9.717,
53.687,9.669,
53.704,9.731,
53.728,9.909,
53.641,9.865,
53.633,9.85,
53.695,9.917,
53.667,9.917,
53.658,9.87,
53.75,9.917,
53.658,9.746,
53.793,9.863,
53.767,9.883,
53.767,9.833,
53.783,9.917,
53.617,9.667,
53.638,9.591,
53.662,9.62,
53.607,9.637,
53.65,9.65,
53.683,9.817,
53.693,9.791,
53.683,9.75,
53.677,9.849,
53.9,9.468,
53.921,9.515,
53.933,9.475,
53.906,9.57,
53.92,9.594,
53.925,9.446,
53.927,9.564,
53.895,9.105,
53.978,9.727,
53.934,9.686,
53.958,9.667,
53.924,9.683,
53.983,9.75,
53.952,9.72,
53.989,9.721,
53.944,9.606,
54.0,9.683,
54.026,9.608,
54.033,9.617,
53.956,9.582,
53.946,9.636,
53.967,9.617,
53.959,9.383,
53.933,9.367,
53.915,9.426,
53.967,9.4,
53.947,9.416,
53.967,9.342,
53.917,9.317,
53.939,9.423,
53.909,9.373,
53.922,9.375,
53.967,9.333,
53.967,9.35,
54.1,9.493,
54.117,9.467,
54.133,9.417,
54.167,9.45,
54.083,9.383,
54.133,9.35,
54.15,9.367,
54.102,9.425,
54.034,9.456,
54.052,9.448,
54.02,9.436,
54.083,9.467,
54.067,9.517,
54.067,9.433,
54.05,9.483,
54.067,9.4,
54.014,9.481,
54.037,9.489,
54.083,9.517,
53.9,9.75,
53.928,9.787,
53.955,9.787,
53.912,9.724,
53.933,9.767,
53.867,9.586,
53.883,9.583,
53.871,9.44,
53.901,9.43,
53.877,9.481,
53.887,9.478,
53.92,9.253,
53.967,9.283,
53.9,9.233,
53.95,9.267,
53.892,9.253,
53.933,9.217,
53.879,9.413,
54.117,9.533,
53.864,9.323,
53.883,9.533,
53.861,9.532,
54.001,9.742,
54.0,9.767,
54.033,9.7,
54.033,9.717,
53.99,9.47,
54.004,9.519,
53.989,9.528,
54.029,9.524,
54.05,9.36,
54.042,9.348,
54.183,9.483,
54.133,9.483,
53.902,9.541,
53.977,9.434,
54.005,9.434,
53.953,9.459,
54.108,9.574,
53.971,9.504,
54.05,9.533,
54.067,9.583,
53.985,9.339,
54.0,9.383,
53.988,9.387,
54.021,9.376,
54.028,9.347,
54.038,9.386,
54.03,9.415,
53.913,9.624,
53.902,9.616,
53.908,9.594,
53.914,9.653,
53.924,9.635,
53.85,9.4,
54.024,9.108,
53.967,9.083,
54.0,9.033,
53.983,9.117,
54.117,9.017,
54.077,9.102,
54.092,9.069,
54.072,9.047,
54.11,9.053,
54.083,9.117,
54.1,9.15,
53.967,8.967,
53.95,8.983,
53.95,8.933,
53.975,9.01,
53.933,9.017,
53.952,9.011,
53.988,9.224,
53.967,9.183,
54.027,9.276,
54.021,9.222,
54.017,9.233,
54.011,9.209,
54.0,9.267,
53.95,9.15,
53.967,9.117,
53.95,9.083,
53.94,9.184,
54.017,8.917,
54.041,9.038,
54.017,9.05,
54.05,9.267,
53.9,9.017,
53.9,8.967,
53.917,9.05,
54.083,9.3,
54.1,9.333,
54.067,9.183,
54.033,9.183,
54.049,9.208,
54.05,9.117,
54.21,9.076,
54.2,9.017,
54.196,9.099,
54.188,9.071,
54.216,9.125,
54.161,8.864,
54.183,8.85,
54.134,8.858,
54.15,8.883,
54.133,8.883,
54.15,8.9,
54.217,8.883,
54.217,8.9,
54.217,8.983,
54.2,8.85,
54.243,8.932,
54.25,8.883,
54.2,8.917,
54.167,8.933,
54.15,8.95,
54.179,8.912,
54.212,8.924,
54.1,9.233,
54.167,9.25,
54.15,9.283,
54.17,9.355,
54.133,9.333,
54.2,9.35,
54.165,9.32,
54.156,9.061,
54.15,9.067,
54.331,9.025,
54.317,9.033,
54.3,8.983,
54.283,8.967,
54.283,9.017,
54.341,9.024,
54.311,9.089,
54.346,9.079,
54.283,9.217,
54.283,9.133,
54.317,9.217,
54.235,9.147,
54.25,9.15,
54.267,9.117,
54.283,9.167,
54.295,9.124,
54.255,9.151,
54.25,9.3,
54.217,9.35,
54.217,9.283,
54.183,9.25,
54.233,9.283,
54.2,9.233,
54.247,9.258,
54.2,9.25,
54.117,9.183,
54.139,9.194,
54.167,9.183,
54.233,9.367,
54.283,9.267,
54.3,9.25,
54.29,9.225,
54.25,9.183,
54.233,9.183,
54.267,8.967,
54.236,8.992,
54.259,9.305,
54.267,9.3,
54.267,9.367,
54.234,9.091,
54.267,9.05,
54.167,9.0,
54.213,9.382,
54.486,9.052,
54.495,9.135,
54.434,8.977,
54.417,9.083,
54.6,8.983,
54.602,8.903,
54.583,9.0,
54.619,8.964,
54.633,9.0,
54.617,9.033,
54.583,9.017,
54.304,8.641,
54.333,8.905,
54.319,8.942,
54.301,8.759,
54.333,8.833,
54.331,8.781,
54.386,8.766,
54.291,8.798,
54.303,8.795,
54.361,8.761,
54.317,8.783,
54.383,9.067,
54.376,9.087,
54.7,8.95,
54.683,9.017,
54.667,8.917,
54.667,8.833,
54.497,8.887,
54.517,8.883,
54.516,8.645,
54.567,9.267,
54.567,9.217,
54.633,8.933,
54.583,9.05,
54.55,9.067,
54.65,9.05,
54.6,9.183,
54.55,9.0,
54.533,9.033,
54.533,9.0,
54.65,9.067,
54.57,8.548,
54.533,9.117,
54.525,9.066,
54.533,9.083,
54.65,9.133,
54.683,9.15,
54.683,9.1,
54.617,9.133,
54.622,9.173,
54.467,9.1,
54.36,9.241,
54.633,8.717,
54.372,8.94,
54.404,8.897,
54.464,9.234,
54.467,9.2,
54.441,9.129,
54.447,9.169,
54.509,9.006,
54.383,9.233,
54.4,9.167,
54.397,9.187,
54.394,9.247,
54.383,9.217,
54.417,9.15,
54.356,9.158,
54.367,9.167,
54.35,9.217,
54.35,8.683,
54.382,8.734,
54.326,8.708,
54.382,8.677,
54.352,8.828,
54.583,9.133,
54.6,9.217,
54.582,9.142,
54.531,9.207,
54.534,9.275,
54.508,9.186,
54.515,9.222,
54.358,9.233,
54.433,9.2,
54.4,8.983,
54.415,8.924,
54.817,8.867,
54.787,8.829,
54.803,8.896,
54.729,8.701,
54.75,8.75,
54.783,9.083,
54.733,9.05,
54.791,9.028,
54.817,8.933,
54.733,8.967,
54.767,8.983,
54.739,8.928,
54.758,8.869,
54.874,8.911,
54.883,8.95,
54.867,8.867,
54.833,8.933,
54.835,8.89,
54.833,8.867,
54.85,8.85,
54.864,8.677,
54.867,8.633,
54.817,8.7,
54.883,8.7,
54.841,9.021,
54.85,9.067,
54.833,8.967,
54.85,8.983,
54.876,8.769,
54.867,8.733,
54.692,8.491,
54.691,8.567,
54.7,8.549,
54.71,8.532,
54.701,8.457,
54.715,8.522,
54.731,8.445,
54.714,8.406,
54.726,8.438,
54.708,8.509,
54.7,8.441,
54.68,8.333,
54.627,8.389,
54.651,8.354,
54.846,8.293,
54.908,8.303,
54.861,8.411,
55.019,8.431,
54.936,8.33,
54.757,8.288,
54.954,8.342,
54.181,7.886,
49.246,7.002,
49.243,6.976,
49.24,6.97,
49.215,6.968,
49.209,7.02,
49.229,7.012,
49.233,7.0,
49.272,7.032,
49.247,6.91,
49.336,6.93,
49.158,7.037,
49.3,7.067,
49.317,7.05,
49.3,6.933,
49.328,7.096,
49.252,6.859,
49.285,6.887,
49.203,6.841,
49.277,6.801,
49.277,7.117,
49.183,7.167,
49.326,7.339,
49.237,7.256,
49.346,7.255,
49.15,7.2,
49.283,7.233,
49.345,7.18,
49.337,7.219,
49.367,7.184,
49.374,7.048,
49.401,7.164,
49.4,6.967,
49.367,7.133,
49.317,7.133,
49.35,7.05,
49.466,7.168,
49.608,6.97,
49.576,7.081,
49.55,7.25,
49.484,7.037,
49.522,7.141,
49.452,7.058,
49.513,7.084,
49.443,6.639,
49.518,6.735,
49.541,6.888,
49.494,6.597,
49.4,6.7,
49.472,6.381,
49.55,6.817,
49.314,6.752,
49.356,6.728,
49.3,6.817,
49.376,6.684,
49.267,6.783,
49.354,6.805,
49.328,6.711,
49.242,6.698,
49.3,6.783,
49.383,6.783,
49.411,6.91,
49.433,6.85,
51.055,13.727,
51.051,13.737,
51.059,13.717,
51.043,13.737,
51.071,13.74,
51.078,13.805,
51.148,13.798,
51.156,13.783,
51.163,13.767,
51.111,13.769,
51.117,13.75,
51.122,13.722,
51.116,13.747,
51.079,13.721,
51.097,13.736,
51.084,13.698,
51.055,13.607,
51.046,13.662,
51.041,13.611,
51.05,13.624,
51.047,13.604,
51.057,13.59,
51.057,13.642,
51.049,13.621,
51.041,13.633,
51.05,13.62,
51.071,13.673,
51.045,13.7,
51.044,13.674,
51.028,13.694,
51.05,13.75,
51.021,13.768,
51.013,13.799,
51.007,13.809,
51.011,13.805,
51.043,13.801,
51.035,13.81,
51.052,13.807,
51.054,13.816,
51.106,13.661,
51.111,13.912,
51.162,13.906,
51.183,13.833,
51.133,13.85,
51.159,13.68,
51.215,13.728,
51.094,13.992,
51.289,13.534,
51.311,13.677,
51.352,13.505,
51.3,13.7,
51.308,13.477,
51.267,13.8,
51.346,13.656,
51.233,13.65,
51.25,13.517,
51.294,13.741,
51.299,13.285,
51.303,13.31,
51.3,13.3,
51.243,13.214,
51.258,13.4,
51.367,13.4,
51.418,13.41,
51.396,13.401,
51.273,13.417,
51.3,13.386,
51.325,13.378,
51.352,13.227,
51.334,13.338,
51.388,13.458,
51.112,13.311,
51.152,13.333,
51.195,13.309,
51.132,13.583,
51.165,13.486,
51.068,13.514,
51.095,13.466,
51.148,13.39,
51.089,13.418,
51.2,13.425,
51.093,13.383,
51.071,13.336,
51.144,13.571,
51.167,13.567,
51.002,13.649,
51.052,13.537,
50.993,13.717,
50.945,13.755,
50.965,13.643,
50.979,13.524,
50.933,13.567,
50.896,13.669,
50.817,13.575,
50.836,13.676,
50.893,13.755,
50.852,13.78,
50.801,13.798,
50.766,13.753,
50.874,13.525,
50.925,13.589,
50.75,13.633,
50.757,13.793,
50.933,14.017,
50.958,13.937,
50.917,13.933,
50.972,13.867,
50.956,13.858,
50.912,13.817,
50.895,14.2,
50.93,14.142,
50.917,14.155,
50.942,14.127,
50.858,13.95,
50.888,13.9,
50.917,14.067,
50.959,14.088,
50.867,14.05,
50.904,14.129,
50.864,13.857,
50.958,14.031,
51.049,14.079,
51.033,14.0,
51.044,14.225,
51.028,14.218,
50.988,14.003,
50.98,14.114,
50.975,14.276,
50.943,14.247,
51.13,14.222,
51.117,14.233,
51.128,14.18,
51.142,14.247,
51.142,14.357,
51.183,13.967,
51.183,14.014,
51.172,14.047,
51.145,14.019,
51.15,14.083,
51.063,14.345,
51.097,14.308,
51.176,14.173,
51.107,14.099,
51.131,14.109,
51.268,14.094,
51.2,14.05,
51.36,14.166,
51.238,14.243,
51.233,14.2,
51.25,14.233,
51.262,14.159,
51.222,14.132,
51.3,14.05,
51.273,14.139,
51.292,14.242,
51.219,13.99,
51.2,13.933,
51.236,14.026,
51.352,14.064,
51.283,13.983,
51.25,13.883,
51.264,13.905,
51.328,13.958,
51.182,14.429,
51.196,14.659,
51.167,14.5,
51.149,14.571,
51.245,14.398,
51.178,14.319,
51.093,14.428,
51.085,14.456,
51.076,14.428,
51.097,14.393,
51.047,14.43,
51.117,14.45,
51.133,14.405,
51.112,14.457,
51.238,14.522,
51.254,14.459,
51.259,14.561,
51.271,14.329,
51.31,14.328,
51.255,14.301,
51.031,14.672,
51.083,14.6,
51.131,14.676,
51.067,14.567,
51.054,14.658,
51.099,14.667,
51.049,14.604,
51.088,14.736,
51.069,14.643,
50.977,14.609,
51.017,14.583,
51.1,14.517,
51.074,14.538,
51.067,14.5,
50.983,14.662,
51.024,14.562,
51.039,14.536,
51.028,14.757,
51.029,14.724,
51.016,14.744,
50.986,14.788,
51.05,14.85,
50.917,14.767,
50.886,14.737,
50.898,14.808,
50.91,14.704,
50.9,14.683,
50.935,14.602,
50.873,14.77,
50.978,14.877,
50.95,14.883,
50.944,14.885,
50.958,14.708,
50.95,14.65,
50.85,14.7,
50.85,14.75,
50.87,14.65,
51.15,14.983,
51.149,14.953,
51.169,14.969,
51.25,14.853,
51.183,14.893,
51.183,14.867,
51.133,14.883,
51.116,14.784,
51.15,14.8,
51.193,14.748,
51.067,14.9,
51.014,14.931,
51.317,14.7,
51.351,14.605,
51.244,14.671,
51.292,14.821,
51.283,14.767,
51.233,14.792,
51.342,14.692,
51.243,14.893,
51.3,14.9,
51.365,14.861,
51.364,14.946,
51.4,14.567,
51.504,14.64,
51.533,14.667,
51.55,14.712,
51.4,14.783,
51.522,14.712,
51.494,14.715,
51.533,14.533,
51.567,14.567,
51.533,14.567,
51.438,14.236,
51.5,14.167,
51.517,14.367,
51.425,14.075,
51.454,14.105,
51.386,14.027,
51.373,14.069,
51.385,14.244,
51.367,14.322,
51.383,14.4,
51.365,14.506,
51.34,12.383,
51.349,12.369,
51.367,12.383,
51.342,12.375,
51.367,12.391,
51.377,12.36,
51.404,12.342,
51.372,12.332,
51.343,12.323,
51.357,12.264,
51.329,12.312,
51.321,12.279,
51.312,12.308,
51.315,12.291,
51.325,12.334,
51.333,12.405,
51.333,12.419,
51.348,12.431,
51.364,12.431,
51.276,12.369,
51.301,12.22,
51.307,12.172,
51.383,12.483,
51.397,12.221,
51.219,12.33,
51.35,12.533,
51.222,12.223,
51.267,12.5,
51.465,12.268,
51.479,12.359,
51.462,12.454,
51.592,12.463,
51.467,12.2,
51.512,12.348,
51.526,12.343,
51.517,12.483,
51.517,12.25,
51.433,12.383,
51.15,12.233,
51.167,12.251,
51.155,12.283,
51.124,12.496,
51.092,12.52,
51.134,12.449,
51.201,12.386,
51.089,12.438,
51.164,12.553,
51.198,12.415,
51.112,12.425,
51.118,12.391,
51.15,12.411,
51.189,12.479,
51.055,12.697,
51.1,12.633,
51.145,12.645,
51.057,12.557,
51.019,12.604,
51.017,12.717,
51.234,12.72,
51.2,12.617,
51.188,12.751,
51.204,12.698,
51.182,12.918,
51.257,12.64,
51.128,12.803,
51.133,12.817,
51.233,12.55,
51.278,12.588,
51.271,12.789,
51.283,12.75,
51.262,12.891,
51.199,12.956,
51.157,12.928,
51.112,12.939,
51.158,13.045,
51.099,13.114,
51.133,13.183,
51.092,13.075,
51.175,13.2,
51.122,13.11,
51.073,13.02,
51.066,13.183,
51.082,13.149,
51.099,12.974,
51.2,13.167,
51.383,13.133,
51.3,13.11,
51.333,13.159,
51.222,13.017,
51.257,13.108,
51.236,13.046,
51.365,12.999,
51.283,12.95,
51.433,12.683,
51.387,12.804,
51.33,12.826,
51.412,12.805,
51.399,12.871,
51.336,12.61,
51.323,12.562,
51.367,12.633,
51.361,12.714,
51.499,12.748,
51.508,12.814,
51.46,12.633,
51.547,12.629,
51.433,12.5,
51.5,12.6,
51.617,12.682,
51.587,12.644,
51.51,13.013,
51.568,12.954,
51.56,12.996,
51.561,12.889,
51.5,12.8,
51.483,13.124,
51.61,12.928,
51.641,12.879,
51.617,12.817,
51.529,13.126,
51.567,13.067,
51.604,13.019,
51.457,12.93,
50.539,11.928,
50.582,11.997,
50.592,12.092,
50.608,12.168,
50.711,12.493,
50.744,12.478,
50.719,12.46,
50.691,12.473,
50.675,12.471,
50.732,12.525,
50.633,12.467,
50.583,12.55,
50.622,12.524,
50.675,12.515,
50.693,12.426,
50.66,12.673,
50.671,12.651,
50.673,12.69,
50.662,12.67,
50.775,12.506,
50.761,12.566,
50.768,12.548,
50.75,12.567,
50.711,12.633,
50.779,12.534,
50.709,12.637,
50.706,12.62,
50.732,12.584,
50.75,12.574,
50.721,12.642,
50.771,12.51,
50.779,12.502,
50.718,12.605,
50.644,12.556,
50.678,12.589,
50.676,12.609,
50.646,12.564,
50.629,12.594,
50.657,12.576,
50.64,12.635,
50.64,12.613,
50.668,12.609,
50.65,12.609,
50.698,12.556,
50.567,12.508,
50.492,12.417,
45.281,13.941,
45.258,13.859,
45.218,13.839,
45.232,13.79,
45.329,13.88,
45.234,14.031,
45.206,14.043,
45.227,13.811,
45.248,13.871,
45.298,13.99,
45.258,14.034,
45.278,14.012,
45.254,13.961,
45.242,13.807,
45.267,13.992,
45.222,13.861,
45.302,13.901,
45.337,13.982,
45.307,14.053,
45.234,14.097,
45.216,13.89,
45.252,13.9,
45.24,13.937,
44.869,13.916,
44.836,13.862,
44.926,13.947,
44.837,13.848,
44.852,13.943,
44.877,13.883,
44.932,13.869,
44.846,13.859,
44.825,13.866,
44.801,13.909,
44.822,13.935,
45.006,13.832,
44.919,13.813,
44.952,13.797,
44.905,13.958,
44.824,13.896,
45.013,13.983,
45.032,13.943,
45.029,14.019,
44.959,13.984,
45.012,13.987,
45.051,14.021,
45.016,13.973,
44.929,14.001,
45.0,13.97,
44.9,14.0,
45.087,13.961,
45.019,13.955,
45.024,13.931,
44.939,13.991,
45.064,14.014,
44.997,13.954,
45.079,13.964,
44.95,14.017,
45.048,13.977,
45.285,13.786,
44.983,13.937,
45.1,13.995,
45.068,13.945,
45.096,13.996,
44.991,13.928,
44.973,14.018,
45.004,13.917,
44.955,13.954,
45.071,14.017,
45.065,13.974,
45.008,13.974,
45.09,13.959,
44.983,14.05,
45.015,14.024,
44.94,14.001,
44.947,14.012,
44.965,13.935,
45.028,13.98,
44.915,13.906,
45.106,13.716,
45.041,13.784,
45.081,13.769,
45.082,13.825,
45.077,13.773,
45.08,14.079,
45.137,14.181,
45.095,14.12,
45.023,14.056,
45.136,14.098,
44.996,14.164,
45.157,14.166,
44.988,14.113,
45.094,14.042,
45.191,14.131,
45.448,13.708,
45.016,14.065,
45.056,14.091,
45.087,14.053,
45.101,14.057,
44.982,14.144,
44.981,14.122,
45.146,14.063,
45.098,14.107,
45.296,13.626,
45.082,14.045,
45.118,14.13,
44.97,14.101,
45.1,14.036,
45.381,13.629,
45.079,14.158,
44.987,14.16,
45.112,13.855,
45.127,14.051,
45.019,14.149,
45.167,14.078,
45.111,13.953,
45.135,14.173,
45.088,14.096,
45.14,14.112,
45.097,14.074,
45.015,14.092,
44.985,14.102,
45.26,14.121,
45.244,14.16,
45.248,14.146,
45.233,14.126,
45.407,14.116,
45.204,14.121,
45.234,14.114,
45.173,14.139,
45.189,14.098,
45.176,14.178,
45.236,14.063,
45.235,14.13,
45.062,13.912,
45.116,13.922,
45.063,13.883,
45.115,13.862,
45.136,13.827,
45.068,13.86,
45.399,13.762,
45.184,13.868,
45.129,13.801,
45.112,13.759,
45.114,13.838,
45.097,13.921,
45.031,13.863,
45.119,13.874,
45.113,13.96,
45.119,13.897,
45.133,13.761,
45.11,13.764,
45.16,13.879,
45.134,13.959,
45.078,13.899,
45.105,13.748,
45.149,13.855,
45.161,13.974,
45.02,13.875,
45.116,13.751,
45.153,13.891,
45.122,13.839,
45.111,13.806,
45.143,13.909,
45.092,13.844,
45.146,13.859,
45.104,13.843,
45.161,13.907,
45.127,13.783,
45.01,13.909,
45.119,13.746,
45.151,13.816,
45.088,13.884,
45.05,13.893,
45.117,13.977,
45.172,13.959,
45.107,13.786,
45.114,13.866,
45.044,13.907,
45.025,13.86,
45.44,14.053,
45.384,13.992,
45.425,13.951,
45.412,14.028,
45.362,13.902,
45.391,13.803,
45.454,14.006,
45.384,13.952,
45.337,13.93,
45.347,13.946,
45.378,13.923,
45.398,14.025,
45.403,13.909,
45.37,14.078,
45.366,14.017,
45.382,14.147,
45.392,14.047,
45.354,13.983,
45.428,13.912,
45.378,14.025,
45.299,14.136,
45.351,13.912,
45.346,13.919,
45.429,14.072,
45.348,14.05,
45.47,14.041,
45.376,13.666,
45.349,13.993,
45.431,14.087,
45.375,13.982,
45.303,14.121,
45.498,14.014,
45.433,14.0,
45.445,13.937,
45.32,14.145,
45.412,13.906,
45.317,13.883,
45.3,13.685,
45.369,14.111,
45.449,14.059,
45.313,14.137,
45.409,13.967,
45.344,14.064,
45.421,13.977,
45.439,14.077,
45.382,13.691,
45.35,14.034,
45.418,13.919,
45.358,13.94,
45.483,14.053,
45.399,13.928,
45.414,14.107,
45.337,13.963,
45.353,14.107,
45.29,14.092,
45.357,13.868,
45.325,13.841,
45.307,13.807,
45.294,13.852,
45.28,13.842,
45.354,13.831,
45.301,13.823,
45.23,13.719,
45.265,13.727,
45.259,13.775,
45.16,13.688,
45.284,13.735,
45.191,13.619,
45.225,13.765,
45.181,13.687,
45.241,13.695,
45.229,13.653,
45.271,13.639,
45.293,13.713,
45.224,13.635,
45.271,13.703,
45.239,13.643,
45.213,13.75,
45.252,13.744,
45.17,13.723,
45.19,13.761,
45.274,13.726,
45.176,13.742,
45.204,13.644,
45.263,13.592,
45.261,13.626,
45.237,13.706,
45.272,13.741,
45.279,13.738,
45.143,13.738,
45.159,13.709,
45.241,13.667,
45.211,13.644,
45.268,13.706,
45.175,13.605,
45.308,13.696,
45.159,13.734,
45.225,13.703,
45.232,13.766,
45.333,13.7,
45.199,13.682,
45.157,13.772,
45.334,13.733,
45.276,13.721,
45.301,13.749,
45.307,13.772,
45.182,13.64,
45.203,13.757,
45.253,13.715,
45.202,13.726,
45.221,13.754,
45.244,13.659,
45.176,13.658,
45.208,13.682,
45.194,13.7,
45.211,13.706,
45.272,13.597,
45.269,13.768,
45.278,13.703,
45.262,13.683,
45.278,13.773,
45.221,13.728,
45.152,13.736,
45.144,13.702,
45.267,13.63,
45.283,13.754,
45.174,13.776,
45.314,13.752,
45.22,13.671,
45.164,13.668,
45.244,13.77,
45.212,13.723,
45.32,13.752,
45.179,13.781,
45.274,13.654,
45.317,13.72,
45.235,13.772,
45.186,13.671,
45.401,13.719,
45.447,13.697,
45.454,13.735,
45.439,13.711,
45.373,13.777,
45.404,13.693,
45.449,13.657,
45.365,13.761,
45.41,13.662,
45.413,13.794,
45.429,13.623,
45.414,13.687,
45.404,13.874,
45.441,13.769,
45.425,13.77,
45.441,13.634,
45.342,13.588,
45.341,13.572,
45.362,13.588,
45.35,13.55,
45.337,13.542,
45.316,13.59,
45.383,13.538,
45.429,13.557,
45.392,13.607,
45.5,13.506,
45.427,13.544,
45.422,13.564,
45.483,13.504,
45.378,13.581,
45.409,13.543,
45.435,13.584,
45.474,13.514,
45.397,13.617,
45.45,13.579,
45.575,15.489,
45.506,15.558,
45.55,15.367,
45.583,15.6,
45.517,15.9,
45.427,15.606,
45.439,15.672,
45.483,15.7,
45.474,15.541,
45.517,15.733,
45.416,15.721,
45.47,15.7,
45.48,15.755,
45.433,15.767,
45.448,15.338,
45.6,15.6,
45.509,15.413,
45.45,15.667,
45.426,15.726,
45.398,15.736,
45.417,15.6,
45.467,15.717,
45.431,15.659,
45.451,15.708,
45.483,15.417,
45.512,15.663,
45.517,15.7,
45.463,15.758,
45.517,15.367,
45.533,15.417,
45.517,15.433,
45.45,15.783,
45.544,15.375,
45.55,15.317,
45.632,15.326,
45.501,15.719,
45.567,15.517,
45.5,15.7,
45.583,15.367,
45.583,15.3,
45.504,15.899,
45.6,15.35,
45.567,15.3,
45.467,15.65,
45.617,15.317,
45.475,15.371,
45.397,15.617,
45.4,15.783,
45.549,15.534,
45.562,15.345,
45.517,15.483,
45.583,15.567,
45.399,15.73,
45.579,15.351,
45.506,15.58,
45.583,15.55,
45.517,15.767,
45.533,15.383,
45.492,15.55,
45.425,15.648,
45.514,15.726,
45.6,15.3,
45.55,15.417,
45.467,15.367,
45.528,15.859,
45.407,15.724,
45.567,15.333,
45.5,15.783,
45.517,15.467,
45.435,15.313,
45.28,15.687,
45.269,15.682,
45.218,15.75,
45.376,15.62,
45.212,15.694,
45.123,15.635,
45.314,15.556,
45.33,15.761,
45.3,15.567,
45.239,15.653,
45.333,15.6,
45.378,15.659,
45.231,15.734,
45.222,15.783,
45.312,15.524,
45.286,15.606,
45.333,15.717,
45.256,15.644,
45.327,15.614,
45.233,15.709,
45.223,15.762,
45.319,15.728,
45.22,15.828,
45.355,15.724,
45.241,15.751,
45.298,15.672,
45.242,15.711,
45.343,15.674,
45.399,15.758,
45.22,15.727,
45.244,15.73,
45.222,15.644,
45.224,15.802,
45.333,15.712,
45.324,15.699,
45.238,15.668,
45.236,15.702,
45.322,15.676,
45.246,15.639,
45.348,15.689,
45.235,15.763,
45.367,15.583,
45.023,15.648,
45.131,15.774,
45.252,15.553,
45.035,15.748,
45.003,15.602,
45.147,15.631,
44.959,15.611,
45.161,15.719,
44.95,15.647,
45.092,15.587,
45.097,15.592,
45.01,15.731,
45.16,15.739,
45.068,15.68,
45.004,15.767,
45.131,15.59,
45.088,15.621,
45.11,15.661,
45.134,15.675,
45.079,15.661,
45.126,15.613,
45.001,15.739,
45.201,15.683,
45.189,15.695,
45.09,15.664,
45.201,15.77,
45.067,15.638,
44.947,15.63,
45.168,15.603,
45.086,15.709,
45.115,15.585,
45.108,15.736,
45.249,15.528,
45.089,15.632,
45.235,15.618,
45.096,15.643,
45.138,15.659,
45.076,15.742,
45.096,15.736,
45.007,15.642,
45.237,15.517,
44.981,15.662,
45.184,15.607,
45.122,15.703,
45.099,15.659,
44.964,15.7,
45.139,15.597,
45.139,15.609,
45.104,15.653,
44.94,15.716,
45.17,15.704,
45.135,15.72,
45.115,15.726,
45.137,15.734,
45.203,15.609,
45.195,15.553,
45.102,15.607,
45.177,15.693,
45.217,15.467,
45.25,15.5,
45.217,15.55,
45.058,15.624,
45.161,15.706,
45.131,15.631,
45.131,15.694,
44.96,15.657,
45.042,15.634,
45.099,15.6,
45.049,15.719,
45.002,15.691,
45.127,15.724,
45.154,15.61,
45.137,15.681,
45.102,15.753,
45.047,15.656,
45.055,15.708,
45.224,15.6,
45.184,15.732,
45.206,15.626,
45.099,15.697,
45.129,15.638,
44.993,15.65,
45.021,15.72,
45.177,15.76,
45.201,15.707,
45.19,15.771,
45.032,15.754,
45.104,15.686,
45.164,15.617,
45.033,15.557,
45.168,15.661,
45.131,15.704,
45.062,15.679,
45.241,15.62,
45.154,15.759,
45.171,15.645,
44.949,15.674,
45.358,15.446,
45.33,15.276,
45.401,15.288,
45.439,15.265,
45.11,15.64,
45.267,15.467,
45.417,15.5,
45.204,15.595,
45.423,15.375,
45.393,15.523,
45.348,15.383,
45.383,15.367,
45.339,15.342,
45.4,15.433,
45.4,15.4,
45.417,15.4,
45.45,15.25,
45.417,15.55,
45.429,15.488,
45.258,15.489,
45.35,15.467,
45.364,15.493,
45.367,15.317,
45.261,15.414,
45.322,15.49,
45.317,15.367,
45.383,15.383,
45.383,15.45,
45.433,15.55,
45.327,15.427,
45.345,15.478,
45.5,15.467,
45.433,15.483,
45.35,15.283,
45.291,15.467,
45.45,15.45,
45.4,15.583,
45.4,15.267,
45.03,15.664,
45.436,15.409,
45.367,15.417,
45.093,15.703,
45.383,15.55,
45.639,15.404,
45.683,15.383,
45.583,15.467,
45.633,15.433,
45.635,15.396,
45.7,15.3,
45.65,15.367,
45.6,15.483,
45.717,15.3,
45.633,15.383,
45.633,15.4,
45.7,15.367,
45.567,15.483,
45.633,15.5,
45.583,15.483,
45.583,15.517,
45.683,15.317,
45.607,15.462,
45.533,15.433,
45.667,15.417,
45.717,15.317,
45.6,15.367,
45.7,15.317,
45.583,15.433,
45.717,15.367,
45.621,15.486,
45.675,15.4,
45.117,15.383,
45.076,15.678,
45.325,15.272,
45.18,15.318,
45.153,15.276,
45.266,15.229,
45.185,15.287,
45.15,15.3,
45.3,15.317,
45.239,15.255,
45.076,15.368,
45.067,15.4,
45.242,15.361,
45.167,15.3,
45.25,15.133,
45.283,15.167,
45.225,15.273,
45.217,15.318,
45.2,15.25,
45.233,15.044,
45.133,15.35,
45.1,15.417,
44.983,15.478,
44.995,15.445,
45.15,15.1,
45.2,15.417,
45.183,15.25,
45.055,15.422,
45.252,15.338,
45.251,15.325,
45.217,15.217,
45.267,15.317,
45.283,15.2,
45.297,15.181,
45.032,15.397,
45.217,15.383,
45.283,15.35,
45.017,15.417,
45.115,15.627,
45.1,15.333,
45.3,15.15,
46.15,16.65,
46.121,16.748,
46.077,16.801,
46.128,16.697,
46.09,16.725,
46.228,16.733,
46.241,16.771,
46.148,16.617,
46.116,16.874,
46.184,16.59,
46.203,16.78,
46.203,16.792,
46.134,16.715,
46.142,16.737,
46.203,16.817,
46.101,16.676,
46.234,16.759,
46.165,16.593,
46.211,16.773,
46.111,16.706,
46.172,16.649,
46.117,16.659,
46.183,16.75,
46.106,16.811,
46.071,16.692,
46.062,16.763,
46.176,16.614,
46.156,16.689,
46.106,16.761,
46.058,16.803,
46.16,16.669,
46.233,16.798,
46.163,16.828,
46.192,16.637,
46.139,16.906,
46.206,16.696,
46.076,16.777,
46.184,16.707,
46.082,16.701,
46.057,16.737,
46.13,16.767,
46.119,16.861,
46.068,16.817,
46.117,16.629,
46.079,16.717,
46.07,16.76,
46.18,16.868,
45.933,16.6,
45.95,16.691,
45.958,16.648,
45.974,16.691,
45.95,16.583,
45.957,16.673,
45.946,16.613,
45.95,16.7,
45.985,16.6,
45.932,16.661,
46.002,16.665,
46.053,16.501,
46.06,16.651,
46.111,16.392,
46.076,16.452,
46.046,16.621,
46.008,16.473,
46.092,16.592,
46.017,16.583,
46.084,16.403,
46.016,16.513,
45.983,16.567,
46.053,16.442,
45.983,16.517,
46.071,16.425,
46.06,16.38,
45.983,16.483,
46.127,16.504,
46.055,16.479,
46.031,16.429,
46.023,16.489,
46.022,16.543,
46.083,16.592,
46.073,16.641,
46.103,16.515,
46.056,16.672,
46.103,16.376,
45.991,16.451,
46.017,16.711,
46.032,16.48,
46.017,16.517,
46.041,16.48,
46.096,16.636,
46.108,16.419,
46.05,16.383,
46.117,16.435,
46.054,16.509,
46.056,16.463,
46.0,16.55,
45.991,16.567,
46.1,16.5,
46.055,16.382,
46.053,16.429,
46.128,16.462,
46.044,16.695,
46.103,16.411,
46.048,16.57,
46.017,16.45,
45.998,16.518,
46.026,16.679,
46.031,16.586,
46.078,16.366,
46.015,16.436,
46.017,16.467,
46.091,16.622,
46.05,16.433,
46.105,16.413,
46.091,16.47,
46.133,16.55,
46.104,16.438,
46.031,16.444,
46.067,16.433,
46.034,16.371,
46.028,16.649,
46.086,16.527,
45.99,16.476,
46.188,16.936,
46.269,16.772,
46.289,16.814,
46.272,16.78,
46.222,16.917,
46.295,16.782,
46.244,16.856,
46.297,16.857,
46.278,16.835,
46.223,16.885,
46.207,16.917,
46.267,16.817,
46.255,16.826,
46.157,16.963,
46.192,16.892,
46.221,16.983,
46.178,17.059,
46.167,17.145,
46.196,17.058,
46.19,17.061,
46.091,17.152,
46.013,16.951,
46.111,16.96,
46.045,16.951,
46.067,16.99,
45.981,17.156,
45.974,17.052,
45.971,17.12,
45.993,16.915,
46.028,17.055,
46.078,16.954,
46.109,17.032,
46.0,17.05,
45.961,17.06,
46.132,17.087,
45.983,17.15,
46.029,17.116,
46.008,17.019,
46.031,17.181,
46.005,17.212,
45.929,17.117,
46.024,16.992,
46.05,17.2,
46.004,16.999,
46.093,16.916,
46.139,15.87,
46.126,15.85,
46.15,15.817,
46.166,15.924,
46.133,15.85,
46.117,15.898,
46.126,15.893,
46.145,15.848,
46.168,15.841,
46.133,15.9,
46.133,15.867,
46.161,15.879,
46.114,15.877,
46.014,15.866,
46.029,15.915,
46.019,15.821,
46.03,15.862,
45.967,15.917,
46.024,15.925,
46.044,15.82,
45.997,15.829,
46.02,15.882,
46.0,15.85,
46.017,15.839,
46.143,15.629,
46.123,15.684,
46.1,15.733,
46.149,15.669,
46.098,15.704,
46.083,15.827,
46.076,15.858,
46.068,15.822,
46.096,15.785,
46.093,15.843,
46.166,15.744,
46.183,15.726,
46.164,15.751,
46.146,15.787,
46.172,15.771,
46.156,15.732,
46.2,15.75,
46.123,15.743,
46.183,15.75,
46.167,15.683,
46.041,15.996,
46.1,15.974,
46.058,15.994,
46.067,15.967,
46.051,16.028,
46.03,16.003,
46.074,15.908,
46.081,15.911,
46.091,15.882,
46.064,15.927,
46.058,15.912,
46.2,15.83,
46.21,15.825,
46.179,15.8,
46.189,15.802,
46.208,15.885,
46.209,15.803,
46.2,15.783,
46.206,15.912,
46.203,15.686,
46.181,15.653,
46.211,15.691,
46.209,15.737,
46.211,15.662,
45.989,15.98,
45.992,16.068,
45.983,15.967,
45.983,16.017,
45.969,15.961,
45.975,16.019,
46.007,16.089,
45.963,16.021,
46.01,15.991,
46.003,15.967,
45.967,16.067,
45.976,15.932,
46.022,16.024,
45.948,15.933,
46.002,16.021,
46.07,15.699,
45.976,15.873,
45.98,15.895,
45.997,15.915,
45.988,15.943,
45.985,15.907,
46.011,16.095,
46.026,16.044,
45.967,16.1,
46.057,16.068,
46.03,16.102,
46.028,16.139,
46.006,16.111,
46.121,16.081,
46.094,16.071,
46.119,16.111,
46.117,16.083,
46.133,16.157,
46.095,16.035,
46.122,16.142,
46.149,16.059,
46.121,16.025,
46.107,16.057,
46.147,16.136,
46.111,16.066,
46.11,16.02,
46.136,16.125,
46.141,16.091,
46.105,16.09,
46.123,16.036,
46.151,15.964,
46.133,15.972,
46.172,15.981,
46.149,15.984,
46.141,16.02,
46.052,16.173,
46.06,16.186,
46.059,16.17,
46.067,16.18,
46.076,16.208,
46.079,16.143,
46.04,16.187,
46.09,16.206,
46.062,16.149,
46.091,16.182,
46.057,16.196,
46.122,16.183,
46.12,16.191,
46.157,16.191,
46.13,16.218,
46.083,16.067,
46.121,16.215,
46.107,16.218,
46.112,16.227,
46.129,16.206,
46.017,15.75,
45.98,15.732,
46.053,15.713,
45.991,15.736,
46.083,15.733,
46.065,15.809,
45.99,15.77,
46.005,15.714,
46.133,15.65,
46.05,15.744,
46.113,15.662,
46.097,15.635,
46.001,15.727,
46.034,15.734,
46.078,15.676,
46.117,15.617,
46.077,15.747,
46.06,15.766,
46.126,15.621,
45.991,15.725,
44.526,15.277,
44.43,15.506,
44.544,15.379,
44.527,15.506,
44.561,15.453,
44.573,15.249,
44.431,15.566,
44.507,15.367,
44.531,15.166,
44.517,15.333,
44.455,15.508,
44.609,15.385,
44.536,15.472,
44.657,15.15,
44.519,15.436,
44.617,15.283,
44.492,15.303,
44.593,15.34,
44.417,15.567,
44.598,15.286,
44.604,15.425,
44.564,15.318,
44.529,15.473,
44.632,15.275,
44.515,15.531,
44.503,15.57,
44.588,15.395,
44.585,15.384,
44.449,15.448,
44.578,15.291,
44.604,15.399,
44.498,15.418,
44.615,15.457,
44.64,15.251,
44.433,15.533,
44.546,15.375,
44.624,15.197,
44.486,15.451,
44.65,15.197,
44.633,15.297,
44.499,15.279,
44.472,15.405,
44.529,15.357,
44.516,15.419,
44.672,15.342,
44.668,15.403,
44.704,15.431,
44.728,15.325,
44.649,15.383,
44.687,15.37,
44.717,15.275,
44.656,15.356,
44.711,15.35,
44.632,15.389,
44.654,15.311,
44.673,15.362,
44.689,15.258,
44.776,15.19,
44.711,15.209,
44.691,15.325,
44.668,15.382,
44.701,15.289,
44.747,15.229,
44.852,15.419,
44.94,15.19,
44.823,15.051,
44.855,15.357,
44.889,15.246,
44.886,15.286,
44.869,15.238,
44.918,15.154,
44.829,15.332,
44.835,15.455,
44.736,15.517,
44.871,15.175,
44.861,15.473,
44.825,15.141,
44.855,15.139,
44.914,15.266,
44.934,15.136,
44.786,15.501,
44.86,15.298,
44.891,15.312,
44.765,15.412,
44.871,15.139,
44.834,15.187,
44.955,15.31,
44.828,15.301,
44.931,15.184,
44.839,15.526,
44.89,15.37,
44.85,15.496,
44.805,15.325,
44.922,15.599,
44.913,15.73,
44.659,15.688,
44.898,15.703,
44.729,15.718,
44.701,15.806,
44.718,15.687,
44.881,15.623,
44.785,15.68,
44.855,15.74,
44.814,15.68,
44.75,15.548,
44.855,15.651,
44.647,15.638,
44.919,15.61,
44.91,15.713,
44.744,15.71,
44.74,15.705,
44.706,15.544,
44.841,15.676,
44.709,15.627,
44.75,15.74,
44.75,15.698,
44.7,15.748,
44.768,15.672,
44.845,15.603,
44.827,15.656,
44.678,15.635,
44.775,15.687,
44.827,15.569,
44.685,15.788,
44.688,15.712,
44.939,15.66,
44.771,15.627,
44.765,15.711,
44.647,15.724,
44.739,15.717,
44.896,15.666,
44.677,15.773,
44.914,15.629,
44.726,15.723,
44.926,15.566,
44.734,15.765,
44.704,15.724,
44.88,15.712,
44.592,15.664,
44.456,15.727,
44.531,15.766,
44.607,15.595,
44.445,15.665,
44.519,15.729,
44.51,15.673,
44.519,15.774,
44.583,15.632,
44.5,15.736,
44.561,15.637,
44.576,15.749,
44.5,15.773,
44.614,15.672,
44.545,15.736,
44.571,15.676,
44.528,15.828,
44.456,15.789,
44.621,15.623,
44.574,15.986,
44.447,16.035,
44.63,15.945,
44.742,15.898,
44.633,16.019,
44.543,15.984,
44.508,16.073,
44.553,15.962,
44.579,15.944,
44.58,15.921,
44.528,15.939,
44.659,15.945,
44.516,15.992,
44.515,16.096,
44.58,16.01,
44.533,16.025,
44.644,15.986,
44.99,15.137,
44.995,15.337,
44.982,15.224,
44.966,15.076,
45.017,15.267,
45.021,15.165,
44.919,15.078,
45.002,15.134,
44.965,15.018,
44.97,15.064,
45.048,15.206,
44.987,15.071,
45.033,15.25,
44.931,15.052,
44.969,15.012,
45.05,15.1,
44.72,14.894,
44.989,14.906,
45.042,14.941,
44.624,14.973,
44.797,14.883,
45.032,14.963,
44.854,14.894,
44.898,14.934,
44.9,14.992,
44.817,14.9,
44.939,14.985,
44.783,14.925,
44.89,14.951,
45.069,14.933,
45.033,14.919,
45.034,14.977,
44.928,14.922,
44.707,14.897,
45.006,14.96,
44.526,15.091,
44.44,15.193,
44.552,15.095,
44.549,15.068,
44.513,15.144,
44.538,15.109,
44.379,15.269,
44.564,15.124,
44.572,15.125,
44.559,15.146,
44.528,15.074,
44.524,15.119,
44.563,15.023,
44.558,14.887,
44.524,14.981,
44.687,14.75,
44.598,14.877,
44.507,15.012,
44.537,14.953,
44.531,14.967,
44.572,14.894,
44.551,14.92,
44.645,14.783,
44.616,14.81,
44.532,14.897,
46.403,16.436,
46.394,16.343,
46.406,16.377,
46.368,16.477,
46.444,16.453,
46.449,16.503,
46.429,16.333,
46.465,16.543,
46.404,16.518,
46.394,16.328,
46.409,16.448,
46.419,16.389,
46.384,16.434,
46.34,16.442,
46.449,16.434,
46.424,16.434,
46.386,16.312,
46.439,16.371,
46.432,16.6,
46.353,16.371,
46.389,16.548,
46.408,16.568,
46.369,16.415,
46.376,16.529,
46.433,16.383,
46.332,16.507,
46.376,16.387,
46.328,16.416,
46.409,16.422,
46.392,16.483,
46.368,16.496,
46.452,16.409,
46.428,16.462,
46.327,16.477,
46.39,16.374,
46.427,16.558,
46.424,16.314,
46.449,16.585,
46.33,16.402,
46.378,16.349,
46.456,16.366,
46.452,16.573,
46.424,16.288,
46.423,16.281,
46.434,16.297,
46.416,16.596,
46.402,16.561,
46.429,16.351,
46.331,16.433,
46.496,16.351,
46.521,16.401,
46.5,16.35,
46.496,16.258,
46.493,16.389,
46.473,16.405,
46.495,16.347,
46.5,16.367,
46.488,16.302,
46.522,16.337,
46.527,16.375,
46.502,16.288,
46.437,16.286,
46.479,16.412,
46.514,16.314,
46.53,16.387,
46.483,16.4,
46.478,16.267,
46.464,16.397,
46.467,16.367,
46.523,16.351,
46.474,16.428,
46.494,16.495,
46.485,16.506,
46.495,16.476,
46.509,16.441,
46.478,16.458,
46.467,16.517,
46.467,16.471,
46.395,16.644,
46.384,16.681,
46.366,16.653,
46.315,16.812,
46.412,16.625,
46.329,16.787,
46.355,16.818,
46.397,16.596,
46.335,16.714,
46.336,16.742,
46.331,16.583,
46.354,16.671,
46.344,16.649,
46.335,16.616,
46.343,16.539,
46.332,16.675,
46.35,16.711,
46.38,16.613,
46.331,16.545,
46.347,16.627,
46.365,16.621,
46.351,16.677,
45.527,18.837,
45.563,18.708,
45.551,18.694,
45.54,18.774,
45.571,18.676,
45.463,18.656,
45.443,18.624,
45.452,18.659,
45.569,18.614,
45.583,18.581,
45.405,18.614,
45.521,18.672,
45.473,18.632,
45.4,18.62,
45.424,18.643,
45.406,18.684,
45.498,18.747,
45.423,18.773,
45.411,18.72,
45.438,18.742,
45.475,18.833,
45.415,18.696,
45.484,18.986,
45.526,19.06,
45.517,18.871,
45.529,18.951,
45.796,18.61,
45.676,18.641,
45.809,18.658,
45.841,18.769,
45.721,18.517,
45.846,18.643,
45.761,18.684,
45.711,18.723,
45.738,18.488,
45.802,18.809,
45.842,18.789,
45.783,18.775,
45.697,18.74,
45.889,18.697,
45.779,18.581,
45.827,18.692,
45.771,18.705,
45.686,18.668,
45.722,18.866,
45.758,18.528,
45.866,18.734,
45.766,18.686,
45.769,18.561,
45.791,18.737,
45.815,18.73,
45.75,18.733,
45.737,18.799,
45.784,18.535,
45.729,18.752,
45.672,18.845,
45.725,18.54,
45.675,18.813,
45.77,18.504,
45.699,18.577,
45.77,18.604,
45.702,18.793,
45.846,18.85,
45.649,18.681,
45.619,18.721,
45.631,18.814,
45.662,18.776,
45.602,18.786,
45.628,18.7,
45.627,18.771,
45.663,18.662,
45.607,18.744,
45.361,18.544,
45.374,18.255,
45.434,18.453,
45.348,18.429,
45.347,18.326,
45.407,18.312,
45.261,18.253,
45.367,18.267,
45.381,18.282,
45.399,18.372,
45.295,18.243,
45.345,18.462,
45.271,18.449,
45.36,18.326,
45.267,18.297,
45.424,18.418,
45.507,18.567,
45.386,18.42,
45.29,18.173,
45.331,18.494,
45.397,18.244,
45.29,18.281,
45.429,18.251,
45.243,18.228,
45.303,18.139,
45.285,18.135,
45.285,18.106,
45.339,18.111,
45.226,18.424,
45.406,18.288,
45.45,18.382,
45.316,18.184,
45.335,18.316,
45.255,18.404,
45.433,18.416,
45.349,18.496,
45.34,18.124,
45.255,18.317,
45.252,18.352,
45.384,18.566,
45.351,18.559,
45.369,18.414,
45.362,18.147,
45.393,18.185,
45.43,18.282,
45.434,18.598,
45.465,18.528,
45.529,18.601,
45.434,18.505,
45.524,18.563,
45.459,18.574,
45.405,18.473,
45.416,18.542,
45.511,18.469,
45.502,18.444,
45.455,18.477,
45.449,18.559,
45.449,18.172,
45.445,18.101,
45.471,18.125,
45.478,18.156,
45.546,18.242,
45.494,18.126,
45.513,18.062,
45.487,18.16,
45.492,18.067,
45.459,18.223,
45.401,18.122,
45.465,18.323,
45.579,18.145,
45.495,18.024,
45.472,18.026,
45.421,18.049,
45.524,18.109,
45.569,18.103,
45.543,18.166,
45.532,18.281,
45.376,18.118,
45.484,18.188,
45.509,18.321,
45.555,18.118,
45.489,18.399,
45.529,18.156,
45.472,17.971,
45.516,18.243,
45.545,18.286,
45.489,18.088,
45.431,18.205,
45.474,18.188,
45.441,18.249,
45.416,18.206,
45.438,18.04,
45.537,18.206,
45.491,17.947,
45.588,18.032,
45.547,18.029,
45.579,18.06,
45.564,18.014,
45.533,18.06,
45.62,18.06,
45.559,18.077,
45.551,18.062,
45.529,17.976,
45.52,18.005,
45.536,18.084,
45.5,17.967,
45.71,18.065,
45.716,18.192,
45.639,18.177,
45.641,18.329,
45.751,18.063,
45.689,18.166,
45.703,18.144,
45.657,18.134,
45.689,18.253,
45.658,18.212,
45.662,18.187,
45.729,18.271,
45.761,18.167,
45.715,18.093,
45.637,18.219,
45.786,17.983,
45.75,17.933,
45.698,18.198,
45.733,17.933,
45.717,18.081,
45.725,18.062,
45.712,18.268,
45.688,18.118,
45.694,18.217,
45.613,18.535,
45.564,18.449,
45.633,18.394,
45.614,18.49,
45.576,18.413,
45.593,18.459,
45.661,18.419,
45.622,18.378,
45.551,18.514,
45.639,18.466,
45.626,18.449,
45.544,18.449,
45.569,18.511,
45.596,18.504,
45.663,18.484,
45.543,18.43,
45.648,18.354,
45.616,18.361,
45.641,18.338,
45.59,18.333,
45.672,18.279,
45.734,18.416,
45.692,18.399,
45.738,18.465,
45.618,18.294,
45.698,18.359,
45.68,18.406,
45.691,18.322,
45.706,18.326,
45.708,18.295,
45.666,18.362,
45.756,18.47,
45.667,18.292,
45.759,18.366,
45.683,18.336,
45.437,17.063,
45.328,17.757,
45.423,17.746,
45.286,17.703,
45.421,17.652,
45.389,17.612,
45.365,17.796,
45.39,17.509,
45.418,17.548,
45.407,17.527,
45.387,17.633,
45.454,17.661,
45.327,17.61,
45.441,17.701,
45.474,17.538,
45.438,17.562,
45.435,17.726,
45.416,17.501,
45.289,17.653,
45.328,17.631,
45.33,17.728,
45.377,17.662,
45.491,17.533,
45.413,17.594,
45.391,17.477,
45.429,17.541,
45.391,17.676,
45.454,17.509,
45.364,17.751,
45.468,17.516,
45.361,17.787,
45.357,17.549,
45.357,17.731,
45.45,17.483,
45.32,17.694,
45.393,17.586,
45.442,17.544,
45.383,17.674,
45.336,17.553,
45.306,17.677,
45.339,17.532,
45.45,17.583,
45.366,17.533,
45.379,17.623,
45.324,17.587,
45.391,17.729,
45.413,17.579,
45.358,17.764,
45.358,17.814,
45.449,17.742,
45.491,16.989,
45.446,17.636,
45.448,17.611,
45.352,17.59,
45.441,17.693,
45.354,17.627,
45.425,17.509,
45.373,17.599,
45.306,17.715,
45.439,17.568,
45.438,17.609,
45.417,17.557,
45.343,17.521,
45.397,17.704,
45.374,17.549,
45.333,17.715,
45.367,17.811,
45.384,17.754,
45.329,17.568,
45.301,17.696,
45.477,17.506,
45.396,17.563,
45.479,17.531,
45.34,17.685,
45.447,17.469,
45.36,17.543,
45.362,17.706,
45.38,17.445,
45.434,17.734,
45.355,17.744,
45.342,17.645,
45.279,17.623,
45.331,17.597,
45.471,17.506,
45.485,17.514,
45.385,17.463,
45.374,17.518,
45.381,17.5,
45.38,17.706,
45.415,17.522,
45.347,17.613,
45.409,17.559,
45.355,17.575,
45.444,17.756,
45.373,17.824,
45.374,17.713,
45.475,17.573,
45.337,17.541,
45.377,17.736,
45.445,17.496,
45.4,17.503,
45.326,17.65,
45.356,17.642,
45.361,17.615,
45.444,17.649,
45.438,17.625,
45.395,17.529,
45.346,17.525,
45.403,17.663,
45.451,17.611,
45.322,17.635,
45.299,17.637,
45.274,17.874,
45.258,17.744,
45.268,17.777,
45.35,17.836,
45.223,17.754,
45.359,17.862,
45.297,17.848,
45.297,17.854,
45.316,17.774,
45.319,17.892,
45.34,17.899,
45.263,17.821,
45.349,17.869,
45.292,17.815,
45.243,17.811,
45.289,17.806,
45.261,17.767,
45.237,17.841,
45.278,17.784,
45.261,17.828,
45.229,17.721,
45.342,17.831,
45.231,17.783,
45.306,17.883,
45.334,17.787,
45.252,17.864,
45.313,17.815,
45.339,17.796,
45.323,17.767,
45.325,17.835,
45.24,17.727,
45.324,17.759,
45.3,17.861,
45.369,17.962,
45.416,17.794,
45.31,17.993,
45.384,18.029,
45.326,17.912,
45.392,18.083,
45.367,18.022,
45.392,18.03,
45.398,17.926,
45.382,17.856,
45.426,17.883,
45.369,18.095,
45.38,18.005,
45.43,17.844,
45.389,17.974,
45.377,18.088,
45.327,17.963,
45.35,17.99,
45.327,18.083,
45.386,17.894,
45.388,17.96,
45.388,17.829,
45.331,18.011,
45.346,18.045,
45.382,17.845,
45.353,18.077,
45.347,17.955,
45.361,18.099,
45.361,18.058,
45.441,17.766,
45.429,17.811,
45.29,18.062,
45.404,17.945,
45.368,17.928,
45.364,18.033,
45.311,17.952,
45.322,17.927,
45.306,18.042,
45.426,17.829,
45.353,17.899,
45.471,17.273,
45.483,17.283,
45.45,17.091,
45.451,17.262,
45.467,17.3,
45.434,17.406,
45.483,17.133,
45.361,17.656,
45.436,17.189,
45.467,17.317,
45.45,17.35,
45.465,17.41,
45.44,17.316,
45.411,17.152,
45.417,17.217,
45.5,17.133,
45.428,17.121,
45.385,17.158,
45.483,17.183,
45.467,17.233,
45.467,17.417,
45.434,17.382,
45.433,17.367,
45.45,17.15,
45.383,17.2,
45.433,17.267,
45.483,17.349,
45.483,17.217,
45.467,17.383,
45.433,17.233,
45.489,17.08,
45.414,17.078,
45.479,17.171,
45.45,17.433,
45.512,17.193,
45.482,17.119,
45.382,17.096,
45.47,16.981,
45.359,17.178,
45.428,17.026,
45.494,16.962,
45.477,17.028,
45.367,17.2,
45.457,17.036,
45.494,17.057,
45.301,14.506,
45.327,14.442,
45.478,14.286,
45.377,14.322,
45.456,14.164,
45.463,14.308,
45.381,14.317,
45.361,14.306,
45.416,14.275,
45.459,14.167,
45.411,14.301,
45.484,14.239,
45.401,14.262,
45.354,14.312,
45.422,14.271,
45.362,14.325,
45.439,14.195,
45.416,14.311,
45.479,14.258,
45.401,14.309,
45.362,14.294,
45.404,14.282,
45.375,14.349,
45.376,14.384,
45.396,14.389,
45.379,14.389,
45.365,14.394,
45.421,14.344,
45.471,14.347,
45.447,14.377,
45.427,14.393,
45.444,14.337,
45.387,14.479,
45.373,14.471,
45.38,14.452,
45.361,14.48,
45.391,14.47,
45.345,14.488,
45.4,14.417,
45.386,14.451,
45.352,14.484,
45.4,14.465,
45.37,14.492,
45.366,14.465,
45.344,14.502,
45.326,14.54,
45.347,14.544,
45.31,14.556,
45.326,14.543,
45.321,14.533,
45.299,14.574,
45.282,14.599,
45.113,14.858,
45.183,14.871,
45.105,14.906,
45.117,14.824,
45.142,14.843,
45.128,14.789,
45.065,14.894,
45.103,14.846,
45.043,14.882,
45.161,14.765,
45.09,14.906,
45.097,14.896,
45.138,14.819,
45.093,14.917,
45.201,14.722,
45.156,14.721,
45.221,14.679,
45.193,14.668,
45.231,14.618,
45.177,14.693,
45.254,14.622,
45.24,14.651,
45.274,14.568,
45.269,14.607,
45.312,14.523,
45.262,14.611,
45.28,14.582,
45.255,14.602,
45.309,14.53,
44.775,14.719,
44.731,14.814,
44.75,14.783,
44.771,14.762,
44.833,14.73,
44.773,14.756,
44.757,14.761,
44.797,14.725,
45.404,14.788,
45.48,14.913,
45.319,14.728,
45.506,14.74,
45.464,14.814,
45.381,14.906,
45.489,14.796,
45.474,14.805,
45.323,14.819,
45.329,14.739,
45.359,14.749,
45.316,14.855,
45.396,14.929,
45.418,14.819,
45.373,14.935,
45.401,14.8,
45.386,14.686,
45.483,14.701,
45.45,14.85,
45.512,14.732,
45.304,14.898,
45.363,14.887,
45.294,14.653,
45.472,14.699,
45.417,14.949,
45.43,14.706,
45.375,14.796,
45.469,14.699,
45.305,14.716,
45.42,14.704,
45.383,14.868,
45.306,14.678,
45.45,14.942,
45.369,14.663,
45.484,14.783,
45.392,14.886,
45.471,14.694,
45.514,14.752,
45.301,14.873,
45.512,14.783,
45.518,14.732,
45.422,14.933,
45.457,14.858,
45.433,14.35,
45.449,14.715,
45.331,14.756,
45.375,14.995,
45.428,14.911,
45.279,14.719,
45.361,14.728,
45.321,14.794,
45.517,14.681,
45.637,14.578,
45.581,14.624,
45.545,14.685,
45.63,14.573,
45.535,14.651,
45.566,14.642,
45.515,14.642,
45.573,14.643,
45.565,14.63,
45.561,14.673,
45.547,14.625,
45.587,14.653,
45.529,14.658,
45.53,14.683,
45.606,14.607,
45.617,14.594,
45.5,14.642,
45.596,14.646,
45.56,14.695,
45.575,14.614,
45.567,14.689,
45.426,15.084,
45.415,15.162,
45.484,15.072,
45.474,15.032,
45.4,15.183,
45.317,15.167,
45.467,15.083,
45.457,15.09,
45.413,15.033,
45.505,14.939,
45.488,14.967,
45.417,15.217,
45.392,15.205,
45.467,15.017,
45.497,14.966,
45.443,14.966,
45.428,15.129,
45.417,15.167,
45.465,14.974,
45.378,15.029,
45.388,15.103,
45.369,15.078,
45.4,15.2,
45.433,14.967,
45.422,15.224,
45.401,15.075,
45.333,15.133,
45.307,14.28,
45.317,14.268,
45.338,14.305,
45.336,14.276,
45.302,14.2,
45.304,14.282,
45.279,14.255,
45.29,14.261,
45.292,14.274,
45.268,14.267,
45.305,14.265,
45.309,14.273,
45.268,14.246,
45.238,14.252,
45.104,14.521,
45.189,14.225,
45.25,14.252,
45.218,14.251,
45.178,14.236,
45.079,14.501,
45.052,14.587,
45.057,14.553,
45.08,14.456,
45.076,14.672,
45.072,14.464,
45.065,14.514,
45.049,14.495,
45.046,14.608,
45.05,14.53,
45.089,14.612,
44.958,14.692,
45.015,14.629,
45.075,14.45,
45.027,14.575,
45.106,14.643,
45.085,14.488,
45.045,14.482,
45.107,14.537,
45.116,14.539,
45.128,14.578,
45.11,14.599,
45.122,14.494,
45.124,14.528,
45.157,14.62,
45.148,14.607,
45.151,14.58,
45.211,14.555,
45.111,14.566,
45.125,14.622,
45.116,14.503,
45.129,14.548,
45.158,14.539,
45.093,14.521,
45.127,14.603,
45.144,14.663,
45.14,14.633,
45.156,14.598,
45.132,14.582,
45.118,14.52,
45.182,14.612,
45.122,14.565,
45.128,14.543,
45.138,14.585,
45.137,14.642,
44.97,14.753,
44.998,14.713,
44.98,14.738,
44.973,14.728,
44.657,14.393,
44.517,14.505,
44.566,14.327,
44.747,14.404,
44.531,14.469,
44.577,14.315,
44.779,14.422,
44.696,14.393,
44.589,14.406,
44.64,14.496,
44.64,14.393,
44.46,14.545,
44.791,14.382,
44.82,14.355,
44.836,14.348,
44.804,14.371,
44.813,14.364,
44.868,14.397,
45.09,14.355,
44.823,14.442,
44.887,14.331,
44.879,14.355,
44.899,14.348,
45.005,14.397,
44.903,14.358,
45.149,14.322,
44.976,14.443,
44.882,14.425,
45.111,14.355,
44.918,14.33,
45.041,14.372,
44.92,14.438,
45.113,14.297,
45.131,14.289,
45.095,14.306,
44.961,14.412,
44.51,14.303,
44.635,14.248,
43.727,15.906,
43.635,16.097,
43.842,15.79,
43.685,16.131,
43.71,15.966,
43.68,15.92,
43.733,16.0,
43.789,15.875,
43.65,16.117,
43.854,15.761,
43.672,15.914,
43.633,15.983,
43.789,15.825,
43.806,15.855,
43.617,16.067,
43.676,15.951,
43.683,16.1,
43.661,15.947,
43.676,16.012,
43.686,16.097,
43.53,16.034,
43.595,16.014,
43.551,15.991,
43.51,15.979,
43.562,15.972,
43.584,16.045,
43.525,15.97,
43.514,16.009,
43.554,15.938,
43.583,16.002,
43.571,15.991,
43.554,15.997,
43.586,15.923,
43.498,16.001,
43.544,15.999,
43.748,15.806,
43.761,15.783,
43.755,15.744,
43.932,15.803,
43.915,15.789,
43.884,15.751,
43.896,15.767,
43.896,15.8,
43.819,15.673,
43.862,15.721,
43.881,15.776,
43.872,15.681,
43.895,15.945,
43.849,15.933,
43.909,15.832,
43.853,15.939,
43.767,16.067,
43.767,15.983,
43.917,15.867,
43.76,16.021,
43.833,15.917,
43.899,15.879,
43.917,15.85,
43.82,15.924,
43.783,16.033,
43.85,15.883,
43.88,15.923,
43.892,15.905,
43.817,16.017,
43.858,15.871,
43.803,15.957,
43.917,15.917,
43.697,15.836,
43.726,15.801,
43.733,15.789,
43.691,15.712,
43.657,15.653,
43.867,15.717,
43.819,15.667,
43.788,15.641,
43.804,15.643,
43.824,15.605,
43.82,15.59,
43.822,15.597,
43.917,16.317,
43.967,16.267,
44.041,16.197,
43.932,15.905,
43.97,16.236,
43.977,16.357,
43.964,16.183,
44.098,16.104,
44.048,16.224,
43.983,15.867,
44.123,16.163,
44.171,16.261,
44.051,16.211,
43.969,16.433,
44.019,16.134,
43.937,16.249,
44.044,16.073,
44.011,16.237,
44.089,16.198,
44.099,15.945,
43.983,15.965,
43.88,16.231,
44.07,16.19,
44.023,15.904,
43.9,16.233,
44.072,16.039,
43.96,15.877,
44.035,15.868,
44.146,16.184,
44.056,16.13,
44.07,16.229,
44.046,15.879,
44.074,16.127,
43.94,16.191,
44.032,15.993,
44.021,16.316,
44.051,15.909,
43.949,16.216,
44.017,16.194,
43.95,16.4,
44.083,15.85,
43.795,16.223,
43.844,16.259,
43.959,16.043,
43.856,16.23,
43.824,16.257,
43.817,15.994,
43.884,16.113,
43.917,16.0,
43.853,16.018,
43.86,16.25,
43.883,16.2,
43.917,16.15,
43.951,16.082,
43.862,16.156,
43.9,16.2,
43.883,16.033,
43.817,16.217,
43.986,16.078,
43.822,16.278,
43.963,16.076,
43.87,16.008,
43.784,16.337,
43.974,16.034,
43.97,16.092,
43.882,16.143,
43.9,16.167,
43.962,16.124,
43.926,16.106,
43.811,16.343,
43.867,16.067,
43.776,16.32,
43.793,16.288,
43.991,16.108,
43.814,16.099,
43.827,16.312,
43.844,16.035,
43.833,16.133,
43.821,16.041,
43.719,16.121,
43.717,16.25,
43.77,16.13,
43.76,16.1,
43.803,16.069,
43.795,16.173,
43.69,16.215,
43.726,16.214,
43.731,16.307,
43.744,16.166,
43.767,16.195,
43.745,16.136,
43.706,16.185,
43.71,16.162,
43.706,16.268,
43.754,16.282,
43.741,16.19,
43.725,16.091,
45.533,16.385,
45.491,16.142,
45.594,16.344,
45.604,16.365,
45.442,16.093,
45.499,16.378,
45.468,16.288,
45.365,16.722,
45.476,16.321,
45.461,16.436,
45.426,16.582,
45.5,16.35,
45.584,16.376,
45.5,16.2,
45.542,16.381,
45.517,16.167,
45.445,16.485,
45.6,16.35,
45.483,16.167,
45.377,16.694,
45.491,16.301,
45.548,16.4,
45.517,16.133,
45.504,16.324,
45.411,16.524,
45.525,16.282,
45.508,16.305,
45.475,16.437,
45.466,16.378,
45.527,16.376,
45.558,16.4,
45.618,16.338,
45.502,16.418,
45.394,16.683,
45.467,16.567,
45.397,16.636,
45.416,16.632,
45.566,16.411,
45.519,16.384,
45.449,16.085,
45.52,16.405,
45.621,16.33,
45.633,16.317,
45.433,16.383,
45.396,16.416,
45.414,16.438,
45.412,16.466,
45.412,16.422,
45.367,16.383,
45.355,16.413,
45.381,16.407,
45.306,16.629,
45.327,16.565,
45.396,16.534,
45.395,16.619,
45.364,16.475,
45.354,16.573,
45.348,16.574,
45.341,16.535,
45.278,16.673,
45.353,16.516,
45.419,16.585,
45.377,16.564,
45.39,16.442,
45.324,16.53,
45.346,16.739,
45.385,16.633,
45.286,16.617,
45.344,16.715,
45.371,16.513,
45.368,16.567,
45.286,16.647,
45.341,16.465,
45.331,16.429,
45.407,16.563,
45.389,16.463,
45.351,16.491,
45.373,16.673,
45.349,16.698,
45.325,16.594,
45.366,16.592,
45.368,16.606,
45.379,16.498,
45.6,16.133,
45.472,16.154,
45.341,16.327,
45.538,16.239,
45.55,16.15,
45.474,16.244,
45.329,16.295,
45.383,16.317,
45.415,16.255,
45.397,16.307,
45.455,16.261,
45.504,16.243,
45.377,16.265,
45.3,16.3,
45.312,16.359,
45.3,16.333,
45.36,16.28,
45.419,16.192,
45.327,16.361,
45.473,16.177,
45.35,16.217,
45.463,16.114,
45.438,16.361,
45.564,16.208,
45.48,16.199,
45.604,16.169,
45.414,16.151,
45.401,16.287,
45.35,16.367,
45.341,16.3,
45.6,16.117,
45.275,16.288,
45.583,16.15,
45.428,16.23,
45.438,16.29,
45.366,16.351,
45.358,16.251,
45.303,16.308,
45.326,16.286,
45.385,16.246,
45.4,16.217,
45.586,16.211,
45.5,16.267,
45.45,16.133,
45.412,16.265,
45.387,16.169,
45.3,16.284,
45.357,16.372,
45.35,16.383,
45.33,16.238,
45.495,16.679,
45.66,16.613,
45.585,16.62,
45.6,16.6,
45.617,16.674,
45.554,16.545,
45.626,16.623,
45.549,16.591,
45.626,16.651,
45.639,16.63,
45.599,16.699,
45.583,16.667,
45.513,16.696,
45.528,16.554,
45.57,16.625,
45.548,16.679,
45.618,16.591,
45.592,16.523,
45.598,16.587,
45.611,16.574,
45.646,16.595,
45.516,16.617,
45.533,16.833,
45.493,16.731,
45.456,16.918,
45.475,16.782,
45.517,16.783,
45.491,16.863,
45.477,16.836,
45.497,16.83,
45.449,16.987,
45.531,16.838,
45.431,16.939,
45.491,16.822,
45.55,16.793,
45.559,16.802,
45.533,16.733,
45.474,16.813,
45.452,16.872,
45.551,16.732,
45.472,16.818,
45.442,16.905,
45.578,16.773,
45.514,16.799,
45.46,16.884,
45.407,17.043,
45.404,16.995,
45.294,16.828,
45.333,17.15,
45.386,17.063,
45.258,16.867,
45.307,16.952,
45.32,17.028,
45.246,16.873,
45.355,16.898,
45.364,17.089,
45.379,17.042,
45.335,16.96,
45.263,16.907,
45.341,16.977,
45.314,17.073,
45.323,16.793,
45.322,17.008,
45.289,17.148,
45.32,17.046,
45.372,16.921,
45.348,16.872,
45.379,17.03,
45.356,16.959,
45.319,17.06,
45.316,16.84,
45.392,16.847,
45.387,16.966,
45.272,16.912,
45.421,16.904,
45.237,17.019,
45.267,16.828,
45.435,16.854,
45.262,16.953,
45.397,16.89,
45.35,16.175,
45.226,16.034,
45.133,16.1,
45.237,16.138,
45.454,15.967,
45.45,16.017,
45.292,15.864,
45.241,16.175,
45.383,16.033,
45.388,16.144,
45.4,16.033,
45.269,16.173,
45.276,15.975,
45.313,16.058,
45.313,15.974,
45.367,16.122,
45.301,15.922,
45.281,16.005,
45.267,16.15,
45.318,16.062,
45.467,15.983,
45.299,16.055,
45.3,16.0,
45.293,15.972,
45.355,16.053,
45.284,16.15,
45.226,16.192,
45.179,16.059,
45.315,16.196,
45.317,16.15,
45.457,15.943,
45.343,15.973,
45.269,16.22,
45.373,16.169,
45.238,15.867,
45.302,15.845,
45.392,16.096,
45.4,15.983,
45.266,16.104,
45.271,15.854,
45.336,16.01,
45.269,15.928,
45.199,16.04,
45.467,16.05,
45.239,15.915,
45.426,16.095,
45.201,16.106,
45.362,15.939,
45.283,16.2,
45.288,16.099,
45.33,15.931,
45.388,16.055,
45.234,16.022,
45.294,16.252,
45.433,15.983,
45.234,16.218,
45.244,16.211,
45.183,16.13,
45.333,16.067,
45.381,16.121,
45.25,16.25,
45.341,16.118,
45.425,16.008,
45.407,15.896,
45.45,15.883,
45.481,15.881,
45.366,15.814,
45.417,15.85,
45.366,15.905,
45.351,15.902,
45.39,15.947,
45.446,15.929,
45.422,15.957,
45.376,15.883,
45.433,15.9,
45.353,15.866,
45.471,15.915,
45.459,15.874,
45.402,15.928,
45.333,15.9,
45.297,16.402,
45.311,16.481,
45.242,16.459,
45.211,16.798,
45.287,16.518,
45.279,16.45,
45.266,16.483,
45.244,16.521,
45.281,16.473,
45.303,16.379,
45.283,16.43,
45.262,16.546,
45.289,16.46,
45.303,16.552,
45.261,16.614,
45.246,16.489,
45.246,16.723,
45.248,16.649,
45.232,16.615,
45.232,16.539,
45.235,16.501,
45.206,16.747,
45.282,16.598,
45.29,16.441,
45.255,16.532,
45.191,16.8,
45.219,16.774,
45.208,16.682,
45.308,16.418,
45.3,16.595,
45.249,16.572,
45.257,16.558,
45.277,16.571,
45.264,16.362,
45.281,16.547,
45.261,16.452,
45.269,16.541,
45.059,16.287,
45.091,16.332,
45.09,16.38,
45.151,16.147,
45.128,16.41,
45.142,16.365,
45.136,16.427,
45.123,16.326,
45.086,16.312,
45.158,16.334,
45.108,16.385,
45.172,16.443,
45.13,16.323,
45.156,16.464,
45.167,16.307,
45.125,16.348,
45.151,16.429,
45.032,16.242,
45.161,16.158,
45.136,16.181,
45.029,16.282,
45.13,16.262,
45.185,16.34,
45.111,16.216,
45.123,16.134,
45.073,16.371,
45.156,16.419,
45.136,16.341,
45.008,16.304,
45.11,16.329,
45.068,16.345,
45.008,16.289,
45.194,16.376,
45.177,16.337,
45.149,16.353,
45.191,16.395,
45.09,16.359,
45.151,16.27,
45.138,16.211,
45.117,16.358,
45.108,16.281,
45.05,16.267,
45.151,16.104,
45.132,16.279,
45.171,16.454,
45.154,16.389,
45.092,16.259,
45.139,16.296,
45.179,16.228,
45.192,16.369,
45.054,16.369,
45.196,16.477,
45.071,16.261,
45.142,16.396,
45.018,16.347,
45.166,16.473,
45.143,16.444,
45.108,16.309,
43.514,16.515,
43.509,16.439,
43.742,16.5,
43.703,16.425,
43.761,16.438,
43.681,16.521,
43.651,16.469,
43.734,16.424,
43.691,16.484,
43.731,16.539,
43.694,16.462,
43.744,16.435,
43.74,16.401,
43.767,16.4,
43.729,16.375,
43.694,16.534,
43.767,16.367,
43.757,16.444,
43.707,16.396,
43.496,16.732,
43.603,16.549,
43.606,16.508,
43.595,16.491,
43.598,16.412,
43.673,16.297,
43.667,16.25,
43.685,16.624,
43.617,16.483,
43.529,16.699,
43.667,16.367,
43.518,16.728,
43.623,16.5,
43.62,16.394,
43.667,16.417,
43.559,16.519,
43.623,16.424,
43.642,16.349,
43.567,16.645,
43.581,16.603,
43.584,16.664,
43.533,16.522,
43.716,16.812,
43.533,16.467,
43.543,16.493,
43.532,16.531,
43.55,16.426,
43.55,16.383,
43.55,16.4,
43.555,16.367,
43.55,16.333,
43.55,16.35,
43.591,16.19,
43.51,16.187,
43.517,16.233,
43.547,16.242,
43.513,16.252,
43.542,16.21,
43.513,16.277,
43.505,16.289,
43.514,16.3,
43.616,16.136,
43.631,16.176,
43.544,16.28,
43.495,16.265,
43.606,16.229,
43.586,16.231,
43.638,16.245,
43.499,16.333,
43.497,16.22,
43.527,16.295,
43.528,16.147,
43.535,16.103,
43.502,16.044,
43.535,16.106,
43.579,16.154,
43.521,16.135,
43.515,16.106,
43.585,16.08,
43.49,16.113,
43.525,16.05,
43.567,16.083,
43.545,16.114,
43.449,16.089,
43.45,16.15,
43.754,16.644,
43.714,16.641,
43.704,16.639,
43.73,16.654,
43.712,16.662,
43.65,16.669,
43.68,16.65,
43.735,16.637,
43.718,16.594,
43.627,16.613,
43.658,16.589,
43.608,16.651,
43.596,16.637,
43.638,16.582,
43.623,16.585,
43.641,16.568,
43.58,16.682,
43.831,16.582,
43.831,16.557,
43.763,16.615,
43.78,16.582,
43.809,16.634,
43.819,16.566,
43.817,16.517,
43.785,16.561,
43.776,16.637,
43.818,16.619,
43.925,16.465,
43.888,16.456,
43.855,16.455,
43.903,16.459,
43.852,16.537,
43.895,16.426,
43.877,16.511,
43.887,16.397,
43.908,16.398,
43.686,16.733,
43.741,16.68,
43.643,16.814,
43.666,16.749,
43.757,16.667,
43.673,16.784,
43.686,16.748,
43.656,16.754,
43.647,16.761,
43.648,16.537,
43.715,16.727,
43.735,16.761,
43.65,16.777,
43.527,16.773,
43.611,16.772,
43.624,16.787,
43.604,16.83,
43.614,16.689,
43.633,16.756,
43.612,16.718,
43.661,16.902,
43.573,16.758,
43.657,16.835,
43.618,16.724,
43.595,16.731,
43.583,16.845,
43.623,16.744,
43.608,16.799,
43.631,16.695,
43.454,16.911,
43.431,16.757,
43.436,16.863,
43.467,16.817,
43.441,16.833,
43.431,16.987,
43.464,16.897,
43.433,16.8,
43.503,16.823,
43.4,16.917,
43.431,16.89,
43.483,16.867,
43.426,16.784,
43.442,17.049,
43.483,16.783,
43.452,16.939,
43.425,16.875,
43.481,16.976,
43.617,16.953,
43.542,16.865,
43.58,17.001,
43.503,16.948,
43.553,16.829,
43.559,16.914,
43.531,17.031,
43.488,16.986,
43.552,16.963,
43.541,16.947,
43.411,17.206,
43.437,17.177,
43.43,17.163,
43.37,17.213,
43.446,17.241,
43.47,17.156,
43.393,17.18,
43.42,17.115,
43.436,17.122,
43.463,17.213,
43.426,17.186,
43.417,17.176,
43.44,17.146,
43.477,17.186,
43.445,17.199,
43.484,17.236,
43.418,17.152,
43.464,17.092,
43.513,17.111,
43.447,17.217,
43.377,17.237,
43.288,17.32,
43.356,17.14,
43.342,17.173,
43.364,17.157,
43.326,17.186,
43.324,17.132,
43.398,17.057,
43.342,17.218,
43.31,17.282,
43.268,17.209,
43.234,17.241,
43.211,17.299,
43.181,17.384,
43.244,17.221,
43.183,17.291,
43.178,17.43,
43.196,17.269,
43.193,17.418,
43.199,17.345,
43.178,17.407,
43.194,17.323,
43.165,17.387,
43.206,17.371,
43.246,17.318,
43.229,17.399,
43.24,17.275,
43.22,17.381,
43.163,17.407,
43.209,17.217,
43.232,17.347,
43.466,16.706,
43.483,16.6,
43.498,16.65,
43.45,16.783,
43.45,16.767,
43.467,16.667,
43.462,16.733,
43.45,16.75,
43.467,16.7,
43.297,17.018,
43.272,17.054,
43.32,17.02,
43.405,16.812,
43.445,16.689,
43.415,16.767,
43.45,16.7,
43.4,16.861,
43.443,16.668,
42.925,17.346,
43.411,16.742,
43.414,16.729,
43.487,16.55,
43.502,16.522,
43.508,16.596,
43.517,16.61,
43.521,16.559,
43.462,16.602,
43.446,16.64,
43.369,16.934,
43.336,16.976,
43.326,16.987,
43.356,16.985,
43.357,16.95,
43.179,17.173,
43.235,17.157,
43.195,17.139,
43.22,17.115,
43.243,17.077,
43.126,17.302,
43.156,17.248,
43.142,17.282,
43.118,17.325,
43.106,17.342,
43.378,16.523,
43.386,16.477,
43.355,16.604,
43.342,16.556,
43.331,16.579,
43.334,16.53,
43.384,16.551,
43.352,16.465,
43.347,16.48,
43.327,16.451,
43.375,16.607,
43.376,16.631,
43.349,16.622,
43.348,16.734,
43.32,16.698,
43.296,16.721,
43.266,16.593,
43.262,16.655,
43.285,16.876,
43.334,16.84,
43.307,16.845,
43.297,16.851,
43.401,16.262,
43.399,16.275,
43.385,16.328,
43.37,16.352,
43.396,16.297,
43.355,16.341,
43.392,16.287,
43.399,16.207,
43.167,16.5,
43.169,16.488,
43.163,16.492,
43.193,16.491,
43.172,16.443,
43.165,16.646,
43.173,16.625,
43.201,16.59,
43.168,16.617,
43.157,16.647,
43.124,16.696,
43.148,16.659,
43.152,16.669,
43.161,16.693,
43.136,16.589,
43.13,16.64,
43.182,16.671,
43.152,16.653,
43.145,16.836,
43.125,17.186,
43.131,16.996,
43.132,16.929,
43.15,16.9,
43.149,16.794,
43.044,16.193,
43.028,16.138,
43.023,16.212,
43.021,16.12,
43.029,16.21,
43.246,17.274,
43.033,16.14,
43.062,16.183,
43.043,16.093,
42.983,16.017,
43.068,16.113,
46.289,16.372,
46.283,16.269,
46.356,16.282,
46.28,16.394,
46.278,16.385,
46.288,16.283,
46.329,16.279,
46.288,16.303,
46.294,16.316,
46.267,16.35,
46.283,16.241,
46.325,16.294,
46.304,16.338,
46.281,16.32,
46.27,16.318,
46.27,16.496,
46.261,16.475,
46.257,16.46,
46.3,16.45,
46.303,16.445,
46.304,16.471,
46.289,16.498,
46.295,16.399,
46.284,16.409,
46.298,16.441,
46.238,16.45,
46.257,16.435,
46.25,16.45,
46.225,16.353,
46.247,16.325,
46.241,16.351,
46.238,16.368,
46.23,16.339,
46.259,16.384,
46.251,16.376,
46.26,16.359,
46.252,16.423,
46.219,16.308,
46.221,16.32,
46.25,16.3,
46.361,16.144,
46.37,16.101,
46.337,16.097,
46.372,16.125,
46.359,16.154,
46.364,16.214,
46.384,16.142,
46.333,16.25,
46.367,16.083,
46.352,16.096,
46.349,16.225,
46.383,16.083,
46.375,16.095,
46.363,16.131,
46.35,16.225,
46.128,16.315,
46.054,16.275,
46.126,16.254,
46.168,16.246,
46.071,16.271,
46.153,16.285,
46.09,16.325,
46.168,16.306,
46.185,16.328,
46.107,16.277,
46.033,16.283,
46.15,16.35,
46.19,16.358,
46.031,16.342,
46.169,16.359,
46.167,16.383,
46.181,16.402,
46.21,16.294,
46.106,16.339,
46.143,16.309,
46.162,16.33,
46.127,16.32,
46.035,16.298,
46.214,16.512,
46.2,16.45,
46.226,16.406,
46.221,16.502,
46.213,16.463,
46.224,16.444,
46.22,16.485,
46.186,16.477,
46.209,16.419,
46.215,16.474,
46.265,16.52,
46.267,16.6,
46.299,16.574,
46.289,16.526,
46.251,16.692,
46.256,16.671,
46.284,16.538,
46.217,16.683,
46.256,16.653,
46.249,16.584,
46.294,16.687,
46.292,16.629,
46.28,16.694,
46.242,16.506,
46.231,16.544,
46.259,16.639,
46.263,16.629,
46.246,16.707,
46.277,16.723,
46.246,16.726,
46.208,16.657,
46.229,16.662,
46.267,16.574,
46.273,16.735,
46.252,16.615,
46.294,16.713,
46.268,16.611,
46.248,16.602,
46.233,16.583,
46.266,16.54,
46.289,16.58,
46.283,16.739,
46.278,16.604,
46.299,16.649,
46.245,16.153,
46.315,16.076,
46.2,16.132,
46.301,16.105,
46.239,16.109,
46.234,16.204,
46.215,16.099,
46.243,16.178,
46.257,16.235,
46.219,16.246,
46.27,16.07,
46.223,16.12,
46.216,16.229,
46.238,16.247,
46.24,16.072,
46.283,16.067,
46.249,16.081,
46.238,16.266,
46.208,16.255,
46.283,16.033,
46.224,16.162,
46.294,16.169,
46.289,16.183,
46.267,16.133,
46.256,16.148,
46.3,16.167,
46.351,16.155,
46.287,16.196,
46.261,16.177,
46.276,16.209,
46.336,16.149,
46.312,16.168,
46.267,16.2,
46.329,16.148,
46.283,16.05,
46.224,16.033,
46.283,15.967,
46.259,15.986,
46.249,15.959,
46.281,15.964,
46.256,16.036,
46.245,16.033,
46.26,15.985,
46.3,16.017,
46.258,15.949,
46.25,15.9,
46.237,16.087,
46.283,15.933,
46.231,15.983,
46.3,16.0,
46.303,15.983,
46.217,15.95,
46.233,15.917,
46.211,16.036,
45.903,17.307,
45.861,17.39,
45.873,17.419,
45.891,17.29,
45.935,17.459,
45.878,17.232,
45.864,17.406,
45.927,17.366,
45.894,17.396,
45.897,17.356,
45.883,17.483,
45.783,17.417,
45.727,17.411,
45.832,17.384,
45.91,17.443,
45.864,17.451,
45.8,17.387,
45.886,17.216,
45.935,17.175,
45.951,17.229,
45.925,17.207,
45.968,17.196,
45.895,17.196,
45.923,17.206,
45.924,17.291,
45.95,17.183,
45.907,17.181,
45.917,17.2,
45.796,17.543,
45.7,17.517,
45.89,17.527,
45.92,17.551,
45.89,17.595,
45.755,17.551,
45.8,17.499,
45.8,17.549,
45.814,17.581,
45.779,17.513,
45.742,17.486,
45.826,17.586,
45.786,17.462,
45.867,17.483,
45.754,17.578,
45.855,17.507,
45.767,17.55,
45.733,17.533,
45.65,17.7,
45.533,17.95,
45.6,17.95,
45.533,17.833,
45.517,17.933,
45.65,18.003,
45.62,17.948,
45.521,17.928,
45.5,17.933,
45.619,17.686,
45.567,17.733,
45.594,17.878,
45.619,17.804,
45.65,17.983,
45.54,17.885,
45.515,17.868,
45.567,17.9,
45.585,17.816,
45.562,17.767,
45.567,17.8,
45.667,17.95,
45.633,17.95,
45.696,17.937,
45.536,17.817,
45.567,17.967,
45.589,17.95,
45.7,17.967,
45.517,17.833,
45.55,17.933,
45.553,17.707,
45.647,17.902,
45.689,17.906,
45.583,17.767,
45.615,17.919,
45.618,17.98,
45.614,17.747,
45.667,17.933,
45.611,17.755,
45.567,17.85,
45.604,17.87,
45.6,17.683,
45.683,17.983,
45.667,17.88,
45.697,17.793,
45.685,17.526,
45.782,17.817,
45.683,17.633,
45.705,17.677,
45.702,17.553,
45.7,17.583,
45.665,17.767,
45.748,17.727,
45.706,17.604,
45.817,17.7,
45.669,17.664,
45.683,17.817,
45.741,17.687,
45.806,17.634,
45.75,17.8,
45.683,17.733,
45.765,17.636,
45.6,17.6,
45.734,17.616,
45.587,17.616,
45.667,17.85,
45.65,17.567,
45.744,17.855,
45.622,17.633,
45.75,17.833,
45.65,17.517,
45.703,17.703,
45.763,17.655,
45.671,17.828,
45.633,17.5,
45.577,17.659,
45.6,17.633,
45.618,17.548,
45.79,17.786,
45.733,17.633,
45.62,17.67,
45.736,17.752,
45.724,17.659,
45.7,17.633,
45.801,17.742,
45.815,17.663,
45.279,18.997,
45.419,18.899,
45.458,18.891,
45.421,18.854,
45.341,18.931,
45.289,18.944,
45.373,18.848,
45.352,19.002,
45.439,18.806,
45.298,19.095,
45.363,18.911,
45.389,18.905,
45.365,18.929,
45.403,18.827,
45.278,19.06,
45.376,18.967,
45.333,18.686,
45.38,18.77,
45.311,18.856,
45.391,18.692,
45.353,18.736,
45.27,18.851,
45.289,18.684,
45.34,18.899,
45.374,18.706,
45.382,18.751,
45.233,18.653,
45.341,18.79,
45.225,18.738,
45.214,18.611,
45.318,18.729,
45.333,18.841,
45.37,18.795,
45.231,18.744,
45.288,18.805,
45.197,19.26,
45.251,19.216,
45.222,19.377,
45.261,19.171,
45.233,19.28,
45.226,19.171,
45.225,18.95,
45.262,18.914,
45.232,19.003,
45.233,19.092,
45.24,18.896,
45.252,19.086,
45.231,18.932,
45.215,18.985,
45.236,19.059,
45.252,18.965,
45.213,19.073,
45.181,19.096,
45.165,19.152,
45.134,19.0,
45.055,19.071,
45.147,18.884,
45.195,18.837,
45.106,19.034,
45.15,18.949,
45.185,19.065,
45.136,18.999,
45.179,19.044,
45.072,19.073,
45.14,19.036,
44.924,18.777,
44.864,18.955,
44.921,18.912,
44.923,18.912,
44.95,18.97,
44.88,18.853,
44.951,18.831,
44.981,18.927,
44.916,19.065,
45.05,18.756,
45.096,18.64,
45.078,18.698,
45.117,18.537,
45.148,18.707,
45.182,18.689,
45.199,18.647,
45.282,18.581,
45.276,18.61,
45.287,18.591,
45.282,18.543,
44.163,15.305,
44.147,15.324,
44.15,15.254,
44.171,15.196,
44.186,15.166,
44.12,15.242,
44.114,15.291,
44.073,15.284,
44.051,15.365,
44.047,15.365,
44.05,15.317,
44.041,15.413,
43.999,15.373,
44.018,15.518,
43.943,15.452,
43.992,15.443,
43.889,15.541,
44.012,15.537,
43.971,15.483,
43.965,15.43,
43.856,15.503,
44.029,15.48,
43.994,15.493,
43.999,15.519,
44.019,15.474,
43.971,15.411,
43.912,15.509,
43.956,15.562,
43.958,15.385,
43.94,15.39,
43.95,15.367,
43.919,15.42,
44.109,15.431,
44.107,15.381,
44.071,15.393,
44.135,15.353,
44.074,15.498,
44.06,15.511,
44.072,15.479,
44.081,15.428,
44.225,15.208,
44.241,15.178,
44.221,15.174,
44.204,15.255,
44.242,15.215,
44.218,15.217,
44.267,15.133,
44.303,15.085,
44.265,15.232,
44.219,15.285,
44.184,15.414,
44.157,15.408,
44.197,15.31,
44.188,15.372,
44.178,15.376,
44.206,15.375,
44.206,15.347,
44.192,15.441,
44.209,15.473,
44.184,15.488,
44.214,15.477,
44.243,15.449,
44.167,15.517,
44.254,15.466,
44.296,15.439,
44.278,15.479,
44.352,15.318,
44.248,15.542,
44.241,15.397,
44.292,15.304,
44.231,15.381,
44.282,15.348,
44.262,15.345,
44.262,15.297,
44.445,15.057,
44.347,15.116,
44.402,15.091,
44.466,15.016,
44.476,14.924,
44.494,14.961,
44.362,15.187,
44.4,15.079,
44.387,15.145,
44.469,14.961,
44.337,15.231,
44.321,15.186,
44.327,15.207,
44.399,15.119,
44.001,15.294,
43.992,15.318,
43.981,15.341,
44.035,15.246,
44.014,15.269,
44.081,15.188,
44.077,15.207,
44.131,15.103,
44.063,15.206,
44.103,15.159,
44.09,15.181,
44.096,15.176,
43.956,15.137,
43.98,15.1,
43.94,15.163,
43.972,15.113,
44.022,15.067,
44.051,15.107,
44.023,15.155,
44.141,14.904,
44.112,14.934,
44.061,15.018,
44.145,14.858,
44.141,14.883,
44.14,14.852,
44.072,15.0,
44.156,15.036,
44.164,14.917,
44.152,15.001,
44.247,14.814,
44.214,14.879,
44.226,14.852,
44.274,14.765,
44.343,14.601,
44.374,14.696,
44.375,14.782,
44.184,15.554,
44.167,15.567,
44.011,15.634,
43.988,15.707,
43.964,15.597,
44.0,15.583,
44.059,15.589,
44.086,15.553,
44.151,15.473,
44.033,15.583,
43.959,15.794,
44.073,15.669,
44.008,15.608,
44.042,15.646,
44.047,15.54,
44.101,15.483,
44.125,15.504,
43.994,15.814,
44.174,15.455,
43.969,15.774,
44.034,15.613,
44.114,15.54,
43.983,15.617,
44.033,15.717,
44.117,15.783,
43.967,15.733,
44.052,15.772,
44.046,15.838,
44.074,15.748,
44.028,15.686,
44.01,15.684,
44.033,15.633,
43.92,15.681,
43.924,15.696,
43.929,15.746,
43.944,15.725,
43.955,15.638,
43.91,15.7,
43.92,15.715,
43.891,15.665,
44.278,15.923,
44.194,16.057,
44.244,16.067,
44.269,15.933,
44.161,16.108,
44.218,16.079,
44.347,15.841,
44.299,15.848,
44.333,15.883,
44.453,15.967,
44.081,15.689,
44.361,15.935,
44.287,16.031,
44.137,16.074,
44.154,16.068,
44.398,15.828,
44.283,15.9,
44.312,15.95,
44.232,15.95,
44.331,15.889,
44.429,15.909,
44.392,15.934,
44.201,15.682,
44.183,15.75,
44.156,15.848,
44.183,15.9,
44.23,15.578,
44.2,15.822,
44.15,15.722,
44.176,15.735,
44.159,15.808,
44.217,15.733,
44.136,15.634,
44.183,15.65,
44.12,15.836,
44.204,15.692,
45.74,15.86,
45.767,15.833,
45.753,15.843,
45.911,15.728,
45.898,15.754,
45.892,15.739,
45.867,15.771,
45.917,15.717,
45.879,15.738,
45.864,15.722,
45.867,15.75,
45.86,15.764,
45.924,15.716,
45.933,15.733,
45.889,15.7,
45.908,15.717,
45.883,15.7,
45.95,15.733,
45.883,15.692,
45.962,15.73,
45.883,15.733,
45.884,15.713,
45.929,15.806,
45.95,15.917,
45.958,15.819,
45.953,15.855,
45.957,15.804,
45.962,15.877,
45.936,15.856,
45.901,15.876,
45.891,15.857,
45.908,15.854,
45.917,15.9,
45.885,15.862,
45.9,15.87,
45.68,16.354,
45.767,16.483,
45.733,16.367,
45.7,16.35,
45.692,16.472,
45.71,16.474,
45.72,16.408,
45.708,16.397,
45.695,16.482,
45.652,16.346,
45.665,16.296,
45.763,16.451,
45.645,16.303,
45.732,16.455,
45.651,16.35,
45.767,16.433,
45.717,16.317,
45.741,16.424,
45.715,16.375,
45.709,16.488,
45.767,16.417,
45.75,16.417,
45.783,16.45,
45.75,16.433,
45.633,16.555,
45.7,16.5,
45.661,16.525,
45.653,16.536,
45.683,16.533,
45.693,16.533,
45.662,16.581,
45.657,16.476,
45.665,16.523,
45.667,16.55,
45.635,16.534,
45.683,16.55,
45.646,16.474,
45.617,16.533,
45.65,16.5,
45.678,16.499,
45.893,16.405,
45.855,16.33,
45.913,16.374,
45.894,16.317,
45.9,16.417,
45.912,16.519,
46.0,16.417,
45.878,16.382,
45.883,16.367,
45.937,16.488,
45.95,16.433,
45.98,16.264,
45.867,16.35,
45.85,16.45,
45.917,16.333,
45.983,16.333,
45.971,16.449,
45.899,16.372,
46.0,16.383,
45.867,16.417,
45.906,16.431,
45.95,16.337,
45.883,16.317,
45.95,16.45,
45.85,16.417,
45.917,16.417,
45.917,16.4,
45.93,16.323,
45.873,16.324,
45.9,16.483,
45.911,16.483,
45.915,16.352,
45.583,15.867,
45.946,16.385,
45.933,16.417,
45.917,16.55,
45.833,16.417,
45.967,16.383,
45.968,16.428,
45.933,16.35,
45.933,16.333,
45.978,16.409,
45.917,16.283,
45.95,16.517,
45.883,16.422,
45.967,16.333,
45.9,16.3,
45.883,16.467,
45.75,16.167,
45.978,16.377,
45.9,16.35,
45.976,16.387,
45.883,16.5,
45.962,16.503,
45.828,16.589,
45.808,16.543,
45.9,16.55,
45.852,16.57,
45.916,16.687,
45.833,16.5,
45.864,16.502,
45.884,16.58,
45.838,16.538,
45.836,16.525,
45.879,16.641,
45.888,16.6,
45.852,16.52,
45.844,16.59,
45.847,16.508,
45.849,16.609,
45.88,16.677,
45.867,16.55,
45.813,16.561,
45.91,16.582,
45.846,16.547,
45.8,16.5,
45.823,16.51,
45.859,16.641,
45.867,16.617,
45.783,16.504,
45.827,16.562,
45.85,16.667,
45.883,16.533,
45.822,16.541,
45.783,16.5,
45.803,16.567,
45.9,16.638,
45.917,16.65,
45.762,16.265,
45.817,16.35,
45.806,16.244,
45.745,16.362,
45.826,16.315,
45.683,16.257,
45.76,16.352,
45.76,16.221,
45.7,16.233,
45.833,16.317,
45.791,16.251,
45.733,16.3,
45.833,16.3,
45.675,16.277,
45.75,16.3,
45.75,16.217,
45.817,16.25,
45.756,16.198,
45.776,16.277,
45.736,16.233,
45.805,16.291,
45.867,16.283,
45.788,16.281,
45.817,16.287,
45.782,16.283,
45.717,16.217,
45.812,16.322,
45.775,16.279,
45.85,16.283,
45.75,16.283,
45.796,16.346,
45.764,16.201,
45.967,16.3,
45.983,16.233,
45.963,16.255,
45.95,16.283,
45.917,16.2,
46.0,16.25,
45.903,16.266,
45.977,16.274,
46.019,16.331,
45.89,16.218,
45.91,16.23,
45.86,16.232,
45.9,16.183,
45.883,16.283,
45.943,16.222,
45.846,16.265,
46.016,16.224,
45.943,16.279,
46.0,16.3,
46.004,16.28,
46.04,16.239,
45.883,16.25,
46.044,16.247,
46.015,16.196,
45.95,16.2,
46.008,16.343,
45.967,16.25,
45.962,16.242,
45.956,16.246,
46.033,16.243,
45.933,16.233,
45.95,16.233,
45.983,16.283,
45.9,16.217,
45.693,16.1,
45.7,16.133,
45.717,16.0,
45.657,15.989,
45.65,16.267,
45.7,16.117,
45.677,16.072,
45.667,16.15,
45.649,16.144,
45.75,16.1,
45.7,16.05,
45.764,16.118,
45.7,16.033,
45.633,16.283,
45.683,16.233,
45.634,16.12,
45.783,16.1,
45.704,15.99,
45.677,16.145,
45.617,15.95,
45.712,16.027,
45.7,16.15,
45.659,15.963,
45.75,16.067,
45.75,16.15,
45.59,15.944,
45.733,16.1,
45.583,15.95,
45.641,16.283,
45.712,16.076,
45.761,16.081,
45.717,16.133,
45.726,16.125,
45.75,16.083,
45.767,16.1,
45.755,16.083,
45.683,16.117,
45.731,16.198,
45.624,16.129,
45.667,16.096,
45.75,16.117,
45.603,15.974,
45.617,15.967,
45.683,16.18,
45.683,16.133,
45.598,16.046,
45.602,16.083,
45.644,16.055,
45.565,16.026,
45.607,16.006,
45.633,16.017,
45.595,16.074,
45.567,16.05,
45.633,16.067,
45.583,16.05,
45.582,15.995,
45.61,16.07,
45.533,16.067,
45.621,16.042,
45.517,15.933,
45.533,15.988,
45.567,15.933,
45.506,16.05,
45.487,15.993,
45.516,15.986,
45.528,16.038,
45.517,15.983,
45.5,16.0,
45.477,15.961,
45.533,15.983,
45.816,15.674,
45.783,15.567,
45.783,15.717,
45.797,15.665,
45.767,15.617,
45.817,15.55,
45.831,15.715,
45.808,15.753,
45.767,15.583,
45.783,15.733,
45.84,15.688,
45.833,15.767,
45.817,15.617,
45.826,15.765,
45.783,15.65,
45.768,15.758,
45.803,15.718,
45.783,15.633,
45.75,15.617,
45.833,15.6,
45.8,15.65,
45.767,15.717,
45.767,15.633,
45.8,15.7,
45.75,15.667,
45.767,15.667,
45.839,15.571,
45.833,15.617,
45.796,15.801,
45.817,15.79,
45.767,15.783,
45.794,15.822,
45.816,15.803,
45.77,15.809,
45.808,15.817,
45.798,15.781,
45.733,15.75,
45.767,15.733,
45.752,15.737,
45.756,15.715,
45.75,15.75,
45.752,15.79,
45.738,15.797,
45.617,15.6,
45.717,15.7,
45.659,15.787,
45.656,15.611,
45.688,15.652,
45.689,15.716,
45.733,15.717,
45.683,15.55,
45.633,15.617,
45.693,15.692,
45.674,15.579,
45.651,15.652,
45.632,15.64,
45.683,15.65,
45.717,15.567,
45.7,15.55,
45.683,15.783,
45.719,15.596,
45.727,15.653,
45.668,15.649,
45.667,15.767,
45.694,15.623,
45.7,15.7,
45.707,15.661,
45.717,15.6,
45.75,15.55,
45.65,15.667,
45.7,15.6,
45.69,15.741,
45.704,15.543,
45.682,15.709,
45.712,15.764,
45.725,15.632,
45.583,15.917,
45.586,15.859,
45.551,15.812,
45.567,15.883,
45.621,15.827,
45.597,15.879,
45.6,15.867,
45.533,15.883,
45.605,15.847,
45.633,15.883,
45.55,15.9,
45.584,15.869,
45.714,15.476,
45.715,15.439,
45.65,15.5,
45.683,15.483,
45.7,15.433,
45.766,15.457,
45.617,15.567,
45.733,15.517,
45.783,15.483,
45.733,15.367,
45.759,15.473,
45.789,15.491,
45.722,15.466,
45.783,15.533,
45.75,15.433,
45.767,15.483,
45.683,15.517,
45.75,15.483,
45.6,15.567,
45.767,15.433,
45.75,15.383,
45.667,15.533,
45.656,15.518,
45.633,15.541,
45.75,15.517,
45.667,15.467,
45.717,15.4,
45.75,15.45,
45.7,15.467,
45.74,15.389,
45.819,16.013,
45.817,15.95,
45.831,15.98,
45.828,15.979,
45.861,15.979,
45.75,16.0,
45.73,15.961,
45.733,16.0,
45.729,15.976,
45.717,15.933,
45.73,15.992,
45.75,15.95,
45.739,15.96,
45.708,15.917,
45.768,15.964,
45.809,15.883,
45.793,15.946,
45.783,15.85,
45.761,15.87,
45.69,15.902,
45.671,15.875,
45.662,15.947,
45.733,15.9,
45.72,15.909,
45.71,15.897,
45.683,15.85,
45.729,15.911,
45.667,15.933,
45.704,15.893,
45.668,15.891,
45.743,15.89,
45.646,15.908,
45.63,15.923,
45.91,15.778,
45.852,16.127,
45.897,16.079,
45.831,16.116,
45.802,16.119,
45.861,16.097,
45.867,16.167,
45.85,16.167,
45.854,16.141,
45.813,16.187,
45.759,16.176,
45.817,16.167,
45.848,16.214,
45.83,16.19,
45.917,16.083,
45.9,16.133,
45.914,16.118,
45.927,16.131,
45.911,16.124,
45.883,16.2,
45.917,16.167,
45.935,16.139,
45.905,16.164,
45.941,16.145,
45.933,16.167,
45.883,16.175,
51.831,4.122,
51.84,4.129,
51.843,4.15,
51.827,4.148,
51.835,4.166,
51.827,4.191,
51.903,4.173,
51.905,4.166,
51.895,4.163,
51.886,4.163,
51.913,4.103,
51.901,4.13,
51.891,4.135,
51.903,4.076,
51.874,4.072,
51.882,4.18,
51.863,4.185,
51.883,4.217,
51.892,4.213,
51.882,4.208,
36.706,127.147,
36.723,127.163,
36.714,127.194,
36.7,127.216,
36.683,127.202,
36.706,127.165,
36.687,127.173,
36.665,127.193,
36.632,127.182,
36.605,127.177,
36.658,127.219,
36.667,127.25,
36.668,127.27,
36.648,127.273,
36.653,127.243,
36.629,127.254,
36.606,127.277,
36.62,127.288,
36.611,127.297,
36.607,127.293,
36.608,127.288,
36.601,127.289,
36.604,127.292,
36.6,127.293,
36.603,127.297,
36.604,127.299,
36.604,127.302,
36.6,127.303,
36.599,127.3,
36.599,127.298,
36.597,127.293,
36.596,127.289,
36.59,127.287,
36.593,127.287,
36.594,127.29,
36.593,127.293,
36.594,127.296,
36.596,127.301,
36.584,127.297,
36.589,127.297,
36.588,127.293,
36.589,127.29,
36.583,127.291,
36.597,127.208,
36.604,127.244,
36.589,127.265,
36.585,127.248,
36.574,127.232,
36.56,127.254,
36.563,127.281,
36.579,127.277,
36.583,127.287,
36.596,127.283,
36.54,127.188,
36.551,127.207,
36.511,127.21,
36.501,127.197,
36.486,127.217,
36.499,127.225,
36.446,127.217,
36.545,127.243,
36.553,127.27,
36.547,127.28,
36.539,127.276,
36.519,127.301,
36.509,127.295,
36.593,127.292,
36.572,127.324,
36.554,127.358,
36.54,127.346,
36.552,127.325,
36.56,127.319,
36.543,127.307,
36.55,127.366,
36.533,127.368,
36.529,127.389,
36.521,127.373,
36.529,127.368,
36.53,127.363,
36.501,127.364,
36.505,127.393,
36.475,127.302,
36.503,127.348,
36.479,127.348,
36.474,127.322,
36.465,127.284,
36.451,127.267,
36.46,127.248,
36.446,127.239,
36.424,127.264,
36.428,127.285,
36.441,127.305,
36.462,127.34,
36.535,127.255,
36.532,127.282,
36.525,127.291,
36.524,127.276,
36.506,127.274,
36.515,127.269,
36.493,127.275,
36.499,127.27,
36.537,127.308,
36.533,127.32,
36.523,127.327,
36.517,127.337,
36.519,127.343,
36.52,127.347,
36.495,127.326,
36.498,127.336,
36.482,127.325,
14.575,121.061,
14.588,121.06,
14.601,121.037,
14.603,121.045,
14.688,120.995,
14.689,120.98,
14.606,121.062,
13.293,123.792,
13.542,122.419,
13.79,121.046,
14.591,120.987,
14.583,120.983,
14.649,121.04,
14.553,121.026,
14.547,120.997,
14.596,121.039,
14.556,121.075,
14.639,121.122,
14.658,120.513,
15.226,120.058,
16.055,120.615,
15.735,120.574,
16.557,120.4,
14.184,120.796,
12.851,124.091,
12.325,123.635,
10.325,123.773,
9.307,123.303,
10.219,125.097,
7.471,125.807,
7.508,125.917,
7.673,126.089,
7.604,126.13,
7.815,126.054,
7.362,125.855,
7.41,125.833,
7.163,125.899,
52.654,17.76,
42.986,23.797,
54.15,-4.483,
42.0,21.433,
42.11,21.418,
41.937,21.522,
41.996,21.582,
41.978,21.649,
41.939,21.615,
41.894,21.683,
42.026,21.562,
41.967,21.557,
41.887,21.587,
41.316,21.19,
42.061,21.319,
42.085,21.211,
41.968,21.237,
42.011,20.971,
41.992,20.958,
42.107,21.109,
42.164,21.176,
42.103,21.078,
42.033,21.0,
41.915,20.948,
41.911,20.911,
42.074,21.124,
41.967,20.981,
41.968,21.13,
41.99,20.946,
41.924,20.914,
41.944,20.927,
42.074,21.052,
42.143,21.117,
41.98,21.064,
41.932,21.013,
42.025,21.08,
41.797,20.908,
41.769,20.839,
41.816,20.884,
41.485,22.091,
41.866,20.887,
41.839,20.976,
41.834,20.885,
41.706,20.96,
41.525,20.527,
41.61,20.6,
41.674,20.586,
41.701,20.756,
41.566,20.609,
41.477,20.544,
42.132,21.714,
42.263,21.911,
42.198,21.829,
42.116,21.857,
42.062,21.8,
42.126,21.598,
42.156,21.585,
42.215,21.708,
42.023,21.888,
42.17,21.802,
42.157,21.907,
42.144,21.588,
42.182,22.123,
42.095,21.693,
42.04,21.756,
42.206,21.663,
42.173,21.628,
42.202,22.332,
42.208,22.187,
42.158,22.254,
42.277,22.324,
42.225,22.396,
42.079,22.181,
42.151,22.032,
41.716,21.776,
41.748,21.76,
41.849,21.82,
41.686,21.734,
41.651,21.662,
41.555,21.697,
41.593,21.472,
41.578,21.943,
41.506,21.889,
41.516,21.95,
41.419,21.89,
41.43,21.925,
41.466,22.028,
41.49,22.025,
41.433,22.012,
41.388,21.978,
41.247,22.077,
41.484,22.089,
41.519,22.128,
41.405,22.249,
41.428,22.096,
41.139,22.503,
41.184,22.485,
41.203,22.576,
41.221,22.706,
41.188,22.721,
41.156,22.578,
41.308,22.435,
41.746,22.196,
41.817,22.238,
41.784,21.906,
42.003,22.179,
41.989,22.236,
41.865,21.943,
41.835,22.036,
41.812,21.995,
41.916,22.413,
41.883,22.334,
41.923,22.447,
42.02,22.592,
41.854,22.444,
41.888,22.381,
41.883,22.509,
41.93,22.503,
41.838,22.578,
41.683,22.808,
41.897,22.599,
41.967,22.769,
41.888,22.817,
41.759,22.891,
41.703,22.858,
41.71,22.793,
41.764,22.776,
41.871,22.289,
41.438,22.643,
41.405,22.665,
41.476,22.642,
41.521,22.591,
41.357,22.609,
41.476,22.567,
41.525,22.675,
41.638,22.465,
41.614,22.542,
41.496,22.385,
41.471,22.727,
41.441,22.728,
41.415,22.727,
41.438,22.774,
41.486,22.509,
41.375,22.839,
41.317,22.561,
41.303,22.64,
41.343,22.443,
41.117,20.802,
41.403,21.002,
41.514,20.963,
41.607,20.938,
41.577,21.0,
41.447,20.907,
41.559,20.935,
41.445,21.027,
41.472,21.029,
41.716,21.764,
41.484,20.923,
41.537,21.004,
40.95,20.883,
41.178,20.676,
41.164,20.623,
41.241,20.644,
41.241,20.593,
41.269,20.596,
41.349,20.605,
41.257,20.722,
41.233,20.607,
41.206,20.755,
41.239,20.777,
41.303,20.83,
41.406,20.845,
41.514,21.215,
41.627,21.211,
41.684,21.144,
41.465,21.093,
41.031,21.34,
41.155,21.111,
41.05,21.379,
41.03,21.264,
41.042,21.456,
41.116,21.484,
41.119,21.609,
41.09,21.734,
41.169,21.483,
41.108,21.379,
40.983,21.367,
40.933,21.367,
40.924,21.459,
40.933,21.567,
41.222,21.203,
41.096,21.326,
41.159,21.254,
41.288,21.121,
41.206,21.359,
41.089,21.012,
41.056,21.178,
41.065,21.147,
41.043,21.007,
40.986,21.051,
40.939,21.109,
40.894,21.141,
40.983,20.917,
41.11,21.011,
41.346,21.554,
41.425,21.455,
41.502,21.407,
41.258,21.692,
41.442,21.316,
41.181,21.827,
41.343,21.44,
41.229,21.431,
41.21,21.503,
41.336,21.333,
41.284,21.339,
41.48,21.315,
41.369,21.249,
53.794,-8.92,
53.85,-9.3,
54.117,-9.167,
53.8,-9.517,
53.633,-9.233,
53.767,-8.767,
53.633,-8.183,
53.767,-8.5,
53.967,-8.3,
54.083,-8.517,
54.27,-8.469,
53.328,-8.219,
53.517,-8.85,
53.197,-8.567,
53.296,-8.743,
53.489,-10.019,
53.272,-9.049,
53.947,-8.09,
53.52,-6.267,
53.566,-6.386,
53.525,-6.316,
53.141,-6.063,
52.975,-6.049,
53.726,-6.879,
53.414,-6.832,
53.512,-6.398,
53.513,-6.54,
53.4,-6.467,
54.0,-6.417,
53.719,-6.348,
53.301,-6.178,
53.294,-6.136,
53.203,-6.098,
53.555,-6.792,
53.354,-6.255,
53.34,-6.254,
53.364,-6.238,
53.333,-6.234,
53.384,-6.192,
53.309,-6.263,
53.361,-6.292,
53.335,-6.273,
53.382,-6.247,
53.341,-6.354,
53.39,-6.293,
53.322,-6.316,
53.395,-6.149,
53.296,-6.259,
53.383,-6.417,
53.342,-6.279,
53.401,-6.206,
53.247,-6.177,
53.352,-6.369,
53.328,-6.401,
53.285,-6.371,
53.309,-6.301,
53.451,-6.154,
53.527,-6.164,
53.524,-6.105,
53.46,-6.218,
53.357,-6.449,
53.423,-7.937,
53.725,-7.798,
53.533,-7.35,
53.015,-6.811,
52.991,-6.98,
52.7,-6.962,
53.034,-7.3,
53.274,-7.489,
53.091,-7.913,
53.345,-7.05,
53.156,-6.914,
53.147,-6.83,
52.841,-6.926,
52.654,-7.252,
53.182,-6.797,
53.385,-6.594,
53.141,-7.066,
53.216,-6.667,
52.793,-6.141,
52.501,-6.558,
52.675,-6.293,
52.397,-6.937,
52.334,-6.457,
52.377,-7.922,
52.516,-7.886,
52.349,-7.413,
52.473,-8.156,
52.682,-7.802,
52.862,-8.197,
52.951,-7.802,
52.355,-7.704,
51.9,-8.95,
51.708,-8.531,
51.857,-8.299,
51.915,-8.181,
51.883,-8.583,
51.983,-8.833,
51.95,-7.851,
51.812,-8.399,
51.717,-9.117,
52.133,-8.633,
52.35,-8.683,
52.136,-8.276,
52.266,-8.268,
51.747,-8.742,
51.683,-9.45,
51.55,-9.267,
51.623,-8.871,
51.873,-8.49,
51.897,-8.47,
51.989,-8.48,
51.916,-8.4,
52.011,-8.344,
52.704,-8.864,
52.64,-9.483,
51.949,-10.222,
52.446,-9.485,
52.4,-8.577,
52.449,-9.061,
52.27,-9.703,
51.883,-9.583,
52.665,-8.623,
52.855,-9.398,
52.088,-7.625,
52.21,-7.426,
52.258,-7.112,
54.117,-6.733,
53.973,-6.719,
54.95,-7.733,
54.832,-7.484,
54.478,-8.281,
53.991,-7.361,
54.1,-7.45,
54.072,-7.082,
54.25,-6.967,
54.183,-7.233,
18.688,-69.99,
18.45,-69.933,
18.767,-69.467,
19.433,-70.4,
18.45,-70.083,
18.8,-70.033,
18.467,-69.933,
18.483,-69.983,
18.467,-69.783,
18.45,-69.417,
18.467,-69.95,
18.55,-69.812,
18.5,-69.883,
18.456,-69.95,
18.45,-69.95,
18.467,-69.9,
18.592,-69.894,
18.5,-70.017,
19.15,-69.75,
18.483,-69.9,
18.599,-70.014,
18.483,-69.883,
18.75,-69.4,
18.617,-70.233,
19.283,-71.4,
18.5,-69.9,
18.5,-69.917,
18.492,-69.9,
18.5,-69.933,
18.492,-69.958,
18.533,-70.067,
19.194,-70.389,
19.25,-70.4,
18.667,-70.15,
18.722,-70.247,
18.333,-70.283,
18.508,-70.329,
18.517,-69.967,
18.417,-70.167,
18.767,-70.9,
18.817,-70.05,
18.9,-70.283,
18.65,-70.308,
18.4,-70.333,
18.492,-69.929,
18.483,-69.933,
18.58,-70.677,
18.867,-71.25,
18.6,-70.5,
18.517,-70.65,
18.6,-70.517,
18.433,-70.783,
18.592,-70.075,
18.517,-70.0,
19.017,-70.0,
19.15,-70.283,
19.283,-70.567,
19.075,-70.567,
19.167,-70.383,
19.567,-71.717,
18.517,-70.017,
19.05,-70.15,
19.15,-70.7,
18.483,-69.833,
18.944,-70.506,
18.5,-70.033,
19.85,-71.65,
19.133,-70.667,
18.733,-71.183,
18.483,-70.0,
18.487,-70.013,
18.483,-69.967,
18.483,-70.05,
18.483,-70.033,
18.467,-70.0,
18.45,-69.983,
18.45,-70.467,
19.337,-71.327,
19.1,-71.633,
19.333,-71.45,
19.133,-71.283,
19.533,-71.617,
19.458,-71.05,
19.35,-70.383,
18.65,-69.75,
18.825,-69.442,
18.817,-69.05,
18.833,-69.833,
18.5,-69.817,
18.6,-70.033,
18.428,-70.0,
18.433,-70.0,
18.425,-70.0,
18.492,-70.083,
18.55,-69.9,
18.433,-70.267,
18.567,-69.917,
18.0,-71.217,
18.6,-70.15,
18.517,-70.15,
18.694,-70.333,
18.967,-70.7,
18.55,-70.117,
18.617,-70.183,
18.533,-69.983,
18.767,-70.45,
18.583,-70.265,
18.933,-70.067,
19.583,-70.983,
18.372,-70.372,
18.567,-69.95,
18.55,-69.95,
19.033,-70.3,
18.622,-71.211,
19.383,-71.65,
18.483,-70.767,
19.483,-70.733,
18.55,-69.867,
18.525,-69.892,
18.776,-70.636,
18.483,-69.867,
18.767,-70.327,
18.5,-69.85,
19.767,-71.583,
18.5,-70.333,
18.5,-69.833,
18.508,-69.936,
18.517,-69.85,
18.533,-69.85,
18.433,-70.167,
18.472,-69.917,
18.483,-69.85,
18.467,-69.825,
18.467,-69.817,
18.503,-69.914,
18.458,-70.083,
18.517,-69.833,
18.55,-69.8,
18.533,-69.508,
18.517,-69.217,
18.533,-70.483,
18.567,-68.917,
18.767,-70.033,
18.728,-69.394,
18.85,-69.233,
28.07,0.116,
29.269,0.26,
29.264,0.231,
29.167,0.198,
29.348,0.333,
29.227,0.199,
29.338,0.34,
27.205,0.405,
27.46,-0.273,
26.95,1.083,
26.704,0.217,
26.716,0.171,
26.71,0.194,
27.188,-0.175,
27.223,-0.198,
27.072,-0.116,
27.269,-0.21,
28.215,-0.134,
27.667,-0.3,
28.762,0.033,
28.341,0.086,
26.965,-0.04,
29.296,0.266,
28.736,0.237,
28.332,-0.224,
28.701,0.338,
28.696,0.34,
28.714,0.334,
28.686,0.344,
28.708,0.335,
28.703,0.335,
29.762,0.706,
29.79,0.754,
29.733,0.658,
29.012,-0.226,
29.015,-0.264,
28.244,-0.091,
27.453,-0.27,
27.447,-0.268,
27.936,-0.243,
28.208,-0.174,
27.844,-0.349,
28.418,-0.189,
27.65,-0.315,
29.185,-0.062,
27.761,-0.26,
27.864,-0.342,
28.825,-0.019,
28.609,0.047,
28.54,0.184,
28.677,-0.09,
29.415,-0.404,
28.782,0.041,
28.768,0.027,
28.772,0.054,
28.807,0.044,
28.584,-0.15,
29.412,0.243,
29.425,0.273,
29.398,0.214,
27.148,-0.146,
27.114,-0.138,
27.183,-0.155,
27.883,1.17,
27.144,0.6,
27.01,1.063,
27.013,1.035,
27.017,1.006,
26.708,1.375,
27.094,-0.121,
28.213,0.132,
36.239,1.334,
36.049,1.255,
36.068,1.042,
36.013,1.598,
36.066,1.126,
36.185,1.533,
36.251,1.24,
36.525,1.324,
36.54,1.339,
36.511,1.308,
36.154,1.213,
36.098,1.519,
36.082,1.485,
36.113,1.553,
36.465,1.303,
36.445,1.286,
36.425,1.27,
36.194,1.276,
36.111,1.409,
36.234,1.238,
36.237,1.182,
36.082,1.201,
36.128,1.278,
36.101,1.2,
36.109,1.169,
36.106,1.203,
36.247,0.924,
36.285,1.3,
36.351,1.431,
36.404,0.917,
36.514,1.578,
36.511,1.569,
36.533,1.583,
36.482,1.591,
36.531,1.569,
36.417,1.196,
36.273,1.388,
36.321,1.324,
36.172,1.38,
36.338,1.24,
36.163,1.371,
36.2,1.389,
36.214,1.403,
36.228,1.416,
36.07,1.394,
36.099,1.332,
36.248,1.385,
36.013,1.157,
36.038,1.454,
36.219,1.488,
36.208,1.503,
36.214,1.496,
36.153,1.051,
36.209,1.367,
36.135,1.12,
36.139,1.09,
36.124,1.118,
36.167,1.162,
36.11,1.108,
36.182,1.583,
36.203,1.594,
36.193,1.588,
36.269,1.489,
36.239,1.457,
36.252,1.525,
36.264,1.536,
36.277,1.522,
36.334,1.507,
36.34,1.013,
36.077,1.445,
36.268,1.478,
36.354,1.374,
36.257,1.28,
36.325,1.128,
36.324,1.136,
36.272,1.127,
36.346,1.118,
36.37,1.109,
36.314,1.149,
36.144,1.534,
36.173,1.619,
36.384,1.368,
36.354,1.009,
36.328,1.091,
36.501,1.316,
36.436,1.096,
36.012,1.018,
36.327,1.382,
36.352,1.558,
36.249,1.319,
36.181,1.419,
36.318,1.032,
36.174,1.49,
36.181,1.554,
36.188,1.619,
36.248,1.328,
33.916,2.538,
34.113,2.102,
33.811,3.164,
33.791,3.145,
33.831,3.184,
33.969,1.737,
33.877,2.521,
33.747,2.795,
33.502,2.103,
33.823,2.323,
33.85,2.34,
33.796,2.305,
33.808,2.591,
33.826,2.99,
34.129,3.014,
34.066,2.07,
33.932,2.143,
34.296,1.946,
33.872,1.865,
34.165,2.324,
33.913,2.434,
35.731,7.369,
35.796,7.393,
36.037,6.572,
35.597,7.693,
35.583,7.788,
35.59,7.638,
35.633,7.8,
35.609,7.622,
35.631,7.666,
35.534,7.644,
35.971,6.874,
35.925,6.695,
35.907,7.227,
36.124,6.786,
35.707,7.358,
35.75,7.417,
35.664,7.299,
35.914,7.377,
36.083,7.258,
35.942,7.188,
35.896,6.396,
35.889,7.111,
35.828,7.749,
35.614,7.519,
35.776,7.358,
36.11,6.945,
35.717,7.667,
35.505,6.078,
35.389,5.366,
35.351,5.869,
35.326,5.837,
35.377,5.9,
35.473,5.809,
35.555,5.611,
35.259,6.347,
35.686,5.665,
35.699,5.684,
35.674,5.645,
35.578,6.12,
35.483,6.276,
35.484,6.291,
35.482,6.261,
35.612,5.898,
35.593,5.884,
35.631,5.912,
35.629,6.373,
35.645,5.996,
35.078,6.358,
35.109,6.333,
35.139,6.309,
35.338,6.178,
35.493,6.47,
35.692,6.186,
35.309,6.51,
35.329,5.708,
35.337,5.627,
35.321,5.789,
35.395,6.07,
35.775,6.416,
35.493,5.907,
35.234,5.948,
35.22,5.706,
35.247,6.191,
35.417,6.383,
35.121,5.181,
35.218,6.131,
35.665,6.648,
35.5,5.962,
35.405,6.083,
35.531,6.054,
35.279,6.111,
35.807,5.858,
35.3,5.3,
35.676,5.901,
35.405,6.55,
35.331,6.061,
35.161,6.048,
35.617,5.817,
35.216,6.317,
35.163,6.24,
35.416,6.335,
35.524,6.207,
35.656,6.349,
35.828,6.071,
35.483,6.627,
35.736,5.59,
35.521,6.38,
35.445,5.872,
35.557,6.084,
35.272,5.454,
35.059,6.17,
35.074,6.37,
35.303,6.417,
34.861,6.522,
35.491,6.099,
35.414,6.47,
35.568,5.727,
35.526,6.272,
35.687,6.458,
35.678,6.261,
35.213,6.098,
35.46,6.179,
35.264,5.898,
36.619,4.866,
36.733,5.05,
36.756,5.039,
36.693,4.671,
36.583,4.933,
36.48,4.781,
36.217,4.583,
36.671,4.812,
36.717,4.767,
36.609,4.977,
36.03,2.979,
36.458,4.535,
36.683,4.783,
36.497,4.309,
36.833,4.717,
36.481,4.53,
36.574,4.794,
36.679,4.856,
36.493,5.278,
36.488,5.309,
36.482,5.339,
36.609,4.691,
36.523,5.013,
36.633,5.25,
36.413,4.777,
36.64,4.901,
36.567,4.967,
36.653,4.967,
36.651,4.705,
36.573,4.711,
36.547,4.686,
36.516,4.66,
36.482,4.661,
36.592,4.835,
36.372,4.487,
36.295,4.58,
36.443,4.683,
36.337,4.468,
36.321,4.435,
36.331,4.43,
36.111,3.166,
36.267,4.602,
36.294,4.554,
36.31,4.51,
36.339,4.208,
36.567,5.25,
36.565,5.306,
36.709,4.971,
36.733,4.85,
36.7,5.031,
36.71,4.977,
36.699,4.94,
36.701,5.056,
36.502,4.609,
36.623,4.755,
36.621,4.771,
36.617,4.783,
36.583,4.917,
36.65,4.667,
36.617,4.75,
36.617,4.8,
36.62,4.954,
36.597,5.228,
36.583,4.99,
36.638,5.069,
36.633,5.038,
36.655,5.162,
36.483,4.65,
36.588,5.145,
36.667,5.167,
36.348,4.689,
36.686,5.106,
36.55,4.883,
36.492,4.735,
36.486,4.758,
36.827,4.743,
36.865,4.761,
36.813,4.721,
36.803,4.747,
36.685,4.658,
36.666,4.697,
36.657,4.695,
36.667,4.704,
36.747,4.872,
36.755,4.908,
36.751,4.89,
36.63,4.833,
36.546,4.894,
36.587,4.981,
36.514,4.739,
36.476,4.634,
36.7,4.7,
36.72,4.756,
36.71,4.728,
36.654,4.732,
36.625,4.681,
36.612,4.79,
36.65,4.774,
36.602,4.664,
36.501,4.807,
36.393,4.636,
36.682,4.99,
36.712,5.013,
36.48,4.68,
36.439,4.654,
36.52,4.705,
36.729,4.959,
36.664,4.874,
36.689,4.772,
36.586,5.191,
36.611,4.936,
36.563,5.363,
36.646,4.892,
36.6,4.983,
36.51,4.869,
36.623,4.935,
36.74,4.885,
36.75,4.833,
36.742,4.805,
36.535,4.953,
36.487,4.691,
36.575,4.743,
36.377,4.655,
36.393,4.665,
36.373,4.626,
36.381,4.649,
34.805,5.734,
34.658,5.414,
34.42,5.062,
34.722,5.378,
34.387,4.988,
34.745,5.898,
34.602,5.101,
34.718,5.422,
34.719,5.411,
34.95,6.004,
34.656,5.524,
34.683,6.511,
34.789,5.945,
34.868,5.74,
34.911,5.869,
34.993,5.774,
34.846,5.808,
35.089,5.863,
35.07,5.843,
34.555,6.057,
35.034,5.595,
34.723,5.331,
34.736,5.594,
34.631,5.394,
34.648,5.468,
34.693,5.681,
34.688,6.094,
34.604,6.248,
34.77,6.668,
34.747,6.661,
34.754,6.671,
34.145,4.993,
34.871,5.88,
34.678,5.287,
34.758,5.523,
34.724,5.401,
34.824,5.982,
34.992,6.407,
34.655,5.557,
34.809,5.904,
34.819,5.913,
34.798,5.896,
34.654,6.693,
34.74,5.762,
30.906,-2.305,
30.035,-2.073,
30.127,-2.171,
29.944,-1.974,
31.165,-2.524,
31.019,-2.724,
31.092,-2.624,
31.618,-2.205,
31.563,-2.232,
32.008,-1.248,
32.049,-1.249,
32.135,-1.02,
31.839,-1.475,
31.549,-2.427,
31.893,-1.543,
29.847,-1.806,
29.836,-1.782,
29.843,-1.808,
29.862,-1.827,
30.452,-2.292,
29.334,-1.224,
29.218,-1.03,
29.451,-1.419,
29.634,-1.756,
29.575,-1.613,
29.48,-1.501,
29.41,-3.253,
29.445,-2.377,
30.92,-2.03,
29.32,-1.134,
29.961,-1.614,
29.643,-1.679,
30.319,-2.261,
31.549,-2.945,
32.016,-2.271,
31.652,-2.181,
30.777,-2.302,
30.005,-2.071,
29.913,-1.9,
29.988,-2.485,
30.489,-1.95,
36.535,3.07,
36.574,2.912,
36.499,3.269,
36.512,3.079,
36.483,3.078,
36.542,3.081,
36.577,3.009,
36.463,2.739,
36.542,2.981,
36.62,3.223,
36.532,2.992,
36.505,2.894,
36.501,2.893,
36.538,2.822,
36.429,2.881,
36.527,2.884,
36.487,3.045,
36.521,3.017,
36.422,3.212,
36.354,3.841,
36.565,3.593,
36.365,4.27,
36.364,4.235,
36.365,4.069,
36.367,3.703,
36.148,3.691,
36.27,3.664,
36.293,3.673,
36.282,3.668,
36.523,3.68,
36.534,3.683,
36.512,3.677,
36.236,4.034,
36.224,4.103,
36.248,3.964,
36.501,3.774,
36.33,4.314,
36.31,4.074,
36.318,4.092,
36.083,3.974,
36.365,4.326,
36.211,4.11,
36.365,4.162,
36.328,4.159,
36.404,4.166,
36.316,4.054,
36.241,3.837,
36.398,4.0,
36.328,3.77,
36.339,3.807,
36.321,3.748,
36.476,3.759,
36.483,3.433,
36.023,4.102,
36.359,3.595,
36.448,3.526,
36.488,3.872,
36.434,4.195,
36.542,3.549,
36.234,4.178,
36.332,4.042,
36.417,4.313,
36.333,3.92,
23.065,5.31,
23.164,5.423,
22.965,5.197,
27.339,2.838,
27.197,2.479,
27.268,2.658,
24.504,4.279,
23.699,5.162,
22.66,4.578,
23.194,6.136,
23.413,6.259,
22.975,6.012,
23.154,5.609,
22.863,5.006,
22.889,4.848,
22.836,5.164,
23.655,5.763,
23.824,5.933,
35.398,8.055,
34.745,8.06,
35.273,7.752,
35.953,8.129,
35.457,8.066,
35.68,7.885,
35.502,8.319,
35.648,8.262,
35.497,8.068,
35.449,7.952,
35.668,8.012,
35.374,8.241,
35.096,8.016,
35.793,8.229,
34.486,7.519,
35.01,8.301,
35.559,7.924,
34.562,7.404,
35.517,7.945,
35.364,7.948,
35.671,7.942,
34.906,-1.299,
34.862,-1.339,
34.942,-1.283,
34.9,-1.278,
34.921,-1.295,
34.85,-1.728,
35.102,-1.857,
34.634,-1.564,
34.814,-1.752,
34.724,-1.658,
35.014,-1.748,
35.062,-1.434,
34.637,-1.331,
34.922,-1.451,
35.143,-1.203,
35.075,-1.224,
35.109,-1.214,
34.941,-1.368,
34.951,-1.368,
34.93,-1.368,
34.962,-1.497,
34.905,-1.034,
34.934,-1.266,
34.699,-1.572,
34.827,-1.528,
34.57,-1.616,
34.926,-0.957,
35.048,-1.373,
34.967,-2.031,
35.157,-1.66,
35.137,-1.665,
35.176,-1.655,
34.991,-1.68,
35.036,-2.115,
35.033,-2.117,
35.05,-2.167,
35.067,-2.15,
35.06,-2.1,
35.041,-2.129,
35.069,-1.137,
35.051,-1.922,
35.092,0.633,
35.039,-1.891,
35.14,-0.613,
35.483,2.231,
35.031,-1.145,
34.9,-1.227,
34.923,-1.22,
34.878,-1.234,
34.928,-1.797,
34.852,-1.473,
35.004,-2.121,
34.995,-1.633,
34.986,-1.853,
35.055,-1.617,
34.223,-1.257,
34.643,-1.522,
35.064,-1.786,
34.73,-1.602,
34.638,-1.153,
34.912,-1.735,
34.894,-1.639,
34.921,-1.783,
34.552,-1.623,
34.643,-1.562,
34.644,-1.538,
34.62,-1.592,
34.619,-1.576,
34.956,-1.937,
34.945,-1.844,
34.909,-1.811,
34.735,-1.618,
34.461,-1.586,
34.776,-1.635,
34.744,-1.599,
34.76,-1.617,
34.599,-1.783,
34.961,-1.395,
34.99,-1.464,
34.932,-1.325,
34.71,-1.516,
34.87,-1.423,
34.739,-1.032,
34.938,-0.295,
34.785,-1.222,
34.239,-1.634,
34.888,-1.625,
34.871,-1.636,
34.891,-1.786,
35.038,-1.973,
34.796,-1.358,
34.682,-1.479,
34.679,-1.474,
34.684,-1.484,
35.112,1.287,
35.065,1.049,
35.018,1.067,
35.07,1.102,
35.051,1.073,
35.212,2.319,
35.186,1.496,
35.431,1.757,
35.53,1.022,
34.842,1.547,
35.057,1.508,
34.95,1.528,
35.121,0.854,
35.185,0.823,
35.058,0.885,
34.91,1.109,
34.887,1.05,
34.899,1.08,
35.417,1.475,
35.289,1.244,
35.384,1.053,
34.896,1.241,
35.511,1.27,
35.072,0.746,
35.353,1.667,
35.392,1.256,
35.459,1.873,
35.286,1.574,
35.174,1.206,
35.219,1.47,
35.253,1.234,
35.185,1.705,
35.407,1.974,
35.264,1.514,
35.47,1.52,
35.032,2.057,
35.083,1.233,
34.954,2.336,
35.06,2.602,
35.007,2.469,
35.234,0.796,
35.211,0.653,
35.257,0.939,
35.14,0.893,
35.151,1.164,
35.129,0.622,
35.076,0.969,
34.864,0.835,
35.239,0.978,
35.335,1.227,
35.479,1.157,
36.616,4.351,
36.745,4.372,
36.702,4.367,
36.724,4.37,
36.614,4.354,
36.655,4.146,
36.559,4.332,
36.596,4.367,
36.597,4.356,
36.567,4.264,
36.618,4.338,
36.663,4.428,
36.619,4.476,
36.553,4.276,
36.577,4.345,
36.565,4.306,
36.607,4.328,
36.797,4.524,
36.654,3.981,
36.598,3.967,
36.542,3.953,
36.564,4.38,
36.564,4.454,
36.608,4.476,
36.599,4.461,
36.585,4.485,
36.617,4.483,
36.848,4.441,
36.851,4.38,
36.893,4.42,
36.848,4.121,
36.862,4.365,
36.862,4.384,
36.869,4.443,
36.633,4.091,
36.646,4.099,
36.62,4.083,
36.752,4.316,
36.499,4.34,
36.481,4.296,
36.517,4.383,
36.682,4.264,
36.845,4.574,
36.764,4.419,
36.546,4.26,
36.5,4.213,
36.54,4.211,
36.556,4.09,
36.759,4.21,
36.608,3.977,
36.871,4.129,
36.725,4.271,
36.88,4.125,
36.889,4.12,
36.686,4.33,
36.8,4.328,
36.814,4.293,
36.8,4.35,
36.794,4.312,
36.793,4.357,
36.826,4.475,
36.563,4.404,
36.512,4.081,
36.504,4.055,
36.508,4.068,
36.699,4.432,
36.571,4.39,
36.632,4.31,
36.616,4.385,
36.57,4.202,
36.805,4.167,
36.802,4.163,
36.802,4.152,
36.817,4.183,
36.807,4.166,
36.566,4.179,
36.47,3.93,
36.78,4.13,
36.75,4.145,
36.744,4.123,
36.678,4.289,
36.683,4.412,
36.671,4.411,
36.65,4.505,
36.709,4.466,
36.55,4.433,
36.568,4.435,
36.559,4.434,
36.653,4.143,
36.652,4.14,
36.644,4.286,
36.544,4.164,
36.544,4.33,
36.544,3.998,
36.63,4.409,
36.642,4.342,
36.597,4.117,
36.716,4.226,
36.705,4.192,
36.726,4.26,
36.763,4.165,
36.681,4.303,
36.546,4.057,
36.672,4.192,
36.708,4.157,
36.69,4.412,
36.562,4.212,
36.77,4.436,
36.734,4.529,
36.73,4.436,
36.744,4.504,
36.643,4.242,
36.645,4.26,
36.548,3.894,
36.57,4.125,
36.606,4.187,
36.606,4.221,
36.613,4.26,
36.6,4.271,
36.604,3.997,
36.801,4.52,
36.594,4.345,
36.747,4.48,
36.524,4.278,
36.632,4.395,
36.646,4.313,
36.691,4.378,
36.539,4.427,
36.455,4.47,
36.807,4.302,
36.887,4.257,
36.867,4.25,
36.634,4.063,
36.589,4.197,
36.592,3.999,
36.673,4.304,
36.537,4.239,
36.767,4.455,
36.825,4.445,
36.656,4.084,
36.78,4.592,
36.708,4.335,
36.761,4.6,
36.717,4.338,
36.815,4.211,
36.73,4.58,
36.617,4.182,
36.622,4.186,
36.613,4.164,
36.656,4.053,
36.576,4.325,
36.736,4.708,
36.632,4.274,
36.508,4.301,
36.654,4.331,
36.74,4.074,
36.757,4.097,
36.748,4.085,
36.605,4.292,
36.526,4.316,
36.537,4.303,
36.607,4.23,
36.638,4.163,
36.632,4.383,
36.593,3.92,
36.704,4.46,
36.699,4.455,
36.721,4.377,
36.746,4.203,
36.696,4.3,
36.638,4.385,
36.88,4.222,
36.514,4.42,
36.669,4.441,
36.676,4.455,
36.593,4.23,
36.535,4.168,
36.631,4.199,
36.664,4.19,
36.696,4.181,
36.706,4.287,
36.894,4.154,
36.613,4.2,
36.681,4.327,
36.798,4.395,
36.8,4.267,
36.64,4.284,
36.626,4.286,
36.654,4.282,
36.652,4.307,
36.741,3.112,
36.718,3.156,
36.717,3.167,
36.72,3.145,
36.734,3.085,
36.792,3.052,
36.754,3.21,
36.75,3.067,
36.719,3.275,
36.793,3.287,
36.721,3.116,
36.726,3.183,
36.715,3.05,
36.755,3.222,
36.758,3.229,
36.771,3.23,
36.749,3.192,
36.731,3.24,
36.752,3.202,
36.722,3.226,
36.713,3.212,
36.8,3.247,
36.791,3.249,
36.81,3.255,
36.798,3.237,
36.653,3.147,
36.745,3.18,
36.724,3.027,
36.786,3.236,
34.947,3.244,
35.451,2.906,
35.158,3.024,
35.071,3.03,
35.114,3.027,
34.154,3.503,
34.896,3.485,
34.95,3.517,
34.824,3.016,
34.344,3.225,
35.635,3.225,
34.697,2.819,
34.621,2.795,
34.659,2.807,
34.445,2.527,
34.765,2.953,
35.351,3.365,
34.8,3.133,
34.464,2.786,
34.76,3.481,
34.847,3.186,
34.98,3.481,
34.769,3.411,
34.941,3.454,
34.172,3.6,
35.709,3.309,
34.426,3.323,
36.799,5.731,
36.783,6.256,
36.755,6.272,
36.812,6.239,
36.763,5.898,
36.772,5.957,
36.799,6.157,
36.775,5.6,
36.661,5.789,
36.705,5.545,
36.673,5.481,
36.752,5.867,
36.751,5.842,
36.773,6.01,
36.772,5.813,
36.719,6.336,
36.85,6.05,
36.709,6.129,
36.685,6.359,
36.733,5.9,
36.586,5.721,
36.585,5.861,
36.586,5.581,
36.733,5.912,
36.17,5.405,
36.168,5.701,
36.153,5.69,
36.183,5.712,
35.922,5.192,
36.085,5.339,
36.248,5.485,
36.148,5.241,
35.963,5.393,
36.333,5.088,
35.819,5.511,
36.368,5.505,
36.387,5.414,
36.355,5.235,
36.322,5.056,
35.939,5.539,
36.463,5.648,
36.201,5.594,
36.023,5.368,
35.682,5.364,
35.978,5.846,
36.408,4.893,
36.501,5.153,
35.855,5.29,
36.136,5.451,
36.273,5.39,
36.298,5.295,
36.187,5.314,
35.936,5.52,
35.933,5.5,
36.333,5.183,
36.019,5.604,
36.185,5.586,
36.408,5.711,
36.49,5.539,
36.004,5.838,
36.202,5.854,
35.919,6.016,
36.286,5.607,
36.152,5.748,
36.252,5.62,
36.132,5.72,
36.086,5.864,
36.131,5.839,
36.178,5.458,
36.313,5.736,
36.361,5.724,
36.139,5.077,
35.956,5.299,
36.322,4.855,
36.118,5.529,
36.157,5.489,
36.174,5.501,
36.192,5.609,
36.012,5.641,
36.105,5.265,
36.104,5.437,
36.189,5.226,
36.33,4.884,
36.047,5.569,
36.186,5.433,
35.963,5.433,
36.19,5.547,
35.951,5.984,
36.292,5.405,
36.299,5.402,
36.284,5.409,
36.226,5.394,
36.035,5.337,
36.123,5.316,
35.971,5.266,
36.109,5.339,
36.369,5.003,
35.933,5.895,
35.65,5.367,
35.762,5.208,
35.977,5.808,
36.108,5.832,
35.43,5.226,
34.752,4.62,
36.125,5.297,
35.811,5.322,
36.415,5.125,
36.148,5.443,
36.092,5.683,
36.204,5.661,
35.98,5.706,
36.011,5.307,
36.217,5.28,
35.672,5.317,
36.145,5.325,
35.77,5.132,
35.977,5.28,
36.256,5.264,
35.704,5.384,
36.176,5.338,
35.856,5.366,
36.264,5.346,
36.045,5.358,
36.015,5.36,
36.106,5.448,
34.918,0.134,
34.758,0.145,
34.989,0.477,
34.904,0.166,
34.933,0.179,
34.876,0.153,
35.03,0.059,
34.922,-0.209,
34.8,0.138,
34.55,0.258,
34.649,0.016,
35.001,0.139,
34.977,0.169,
35.024,0.108,
35.025,0.563,
36.804,6.836,
36.739,7.105,
37.007,6.561,
36.667,6.833,
36.873,6.678,
36.99,6.46,
36.756,6.895,
36.838,6.64,
36.863,6.911,
36.731,7.218,
36.748,6.432,
36.699,7.307,
36.78,7.238,
36.885,6.636,
36.982,6.38,
36.993,6.343,
36.95,6.4,
37.004,6.398,
36.831,6.883,
36.947,6.452,
36.932,6.479,
36.818,6.5,
36.899,6.477,
36.664,7.078,
36.929,6.586,
36.702,6.557,
36.713,6.582,
36.689,6.572,
36.738,6.52,
36.667,6.554,
36.74,6.609,
36.704,6.857,
36.679,6.721,
36.867,6.822,
36.783,6.933,
37.002,6.514,
36.837,6.893,
36.845,6.949,
36.903,6.878,
36.876,6.848,
36.888,6.785,
36.846,7.233,
36.848,7.019,
37.05,6.4,
36.74,7.156,
36.755,7.285,
36.697,7.011,
35.191,-0.642,
35.235,-0.244,
34.893,-0.653,
34.952,-0.916,
34.498,-0.819,
34.783,-0.572,
35.058,-0.683,
35.053,-0.714,
35.055,-0.698,
34.676,-0.62,
34.988,-0.501,
34.447,-0.195,
34.78,-0.452,
35.103,-0.83,
35.299,-0.548,
35.309,-0.479,
35.059,-0.622,
35.021,-0.529,
35.364,-0.513,
35.153,-0.457,
35.071,-0.798,
34.818,-0.624,
34.822,-0.761,
34.966,-0.732,
35.259,-0.565,
35.089,-0.699,
35.114,-0.72,
35.019,-0.735,
35.244,-0.772,
34.69,-0.72,
35.285,-0.676,
35.184,-0.572,
35.126,-0.633,
35.241,-0.576,
35.298,-0.579,
34.95,-0.837,
35.072,-0.545,
35.383,-0.418,
35.065,-0.535,
34.887,-0.549,
35.242,-0.522,
36.787,7.633,
36.917,7.767,
36.804,7.737,
36.733,7.617,
36.648,7.591,
36.835,7.453,
36.909,7.67,
36.907,7.663,
36.911,7.677,
36.936,7.523,
36.881,7.49,
36.991,7.556,
36.847,7.617,
36.414,7.503,
36.316,7.164,
36.491,7.726,
36.472,7.73,
36.481,7.728,
36.462,7.532,
36.458,7.514,
36.467,7.55,
36.367,7.29,
36.504,7.443,
36.23,7.138,
36.38,7.763,
36.158,7.141,
36.371,7.359,
36.266,7.397,
36.245,7.251,
36.462,7.475,
36.369,7.526,
36.591,7.327,
36.505,7.399,
36.428,7.481,
36.323,7.645,
36.405,7.269,
36.433,7.783,
36.549,7.229,
36.091,7.114,
36.301,7.334,
36.581,7.75,
36.477,7.582,
36.567,7.4,
36.343,7.639,
36.522,7.706,
36.513,7.224,
36.379,6.609,
36.343,6.646,
36.359,6.645,
36.263,6.694,
36.37,6.637,
36.36,6.632,
36.379,6.703,
36.412,6.596,
36.533,6.712,
36.232,6.943,
36.416,6.554,
36.453,6.636,
36.379,6.472,
36.356,6.93,
36.266,6.938,
36.176,6.947,
36.184,6.579,
36.383,6.576,
36.309,6.8,
36.235,7.023,
36.34,6.704,
36.078,3.077,
36.248,2.742,
36.099,2.91,
35.886,3.58,
36.194,3.316,
36.227,3.306,
36.211,3.311,
36.174,2.986,
36.135,2.911,
36.293,3.168,
36.169,2.954,
35.889,2.749,
35.598,2.387,
36.413,3.31,
36.408,3.346,
36.39,3.328,
36.202,3.093,
36.038,3.16,
36.374,3.262,
35.926,3.065,
35.962,3.155,
35.891,3.159,
36.13,3.084,
36.265,3.031,
36.116,2.657,
36.242,2.775,
35.41,0.279,
35.946,1.994,
36.23,2.856,
36.2,2.849,
35.775,1.381,
35.911,2.717,
35.639,0.045,
36.325,3.237,
36.319,3.272,
36.228,3.23,
35.974,3.244,
36.138,3.427,
36.273,2.717,
36.265,3.214,
36.244,2.933,
36.287,3.494,
36.254,2.847,
36.166,3.098,
36.223,2.955,
36.11,3.24,
36.07,2.901,
35.979,2.921,
35.737,2.754,
35.706,2.846,
35.769,2.662,
36.191,3.229,
35.545,2.603,
36.221,2.932,
36.257,3.451,
36.174,3.046,
36.355,3.429,
36.362,3.46,
36.349,3.398,
35.951,2.823,
35.947,2.602,
36.199,2.922,
36.112,2.956,
36.218,2.846,
35.887,2.899,
35.654,1.967,
35.823,2.451,
35.679,2.453,
35.705,2.451,
35.406,0.511,
36.035,2.94,
35.959,2.9,
36.001,2.904,
35.999,2.915,
35.934,2.663,
36.15,2.959,
36.079,2.985,
36.193,2.742,
36.049,3.343,
36.251,3.124,
35.847,3.562,
35.939,2.613,
35.655,2.271,
35.9,2.73,
35.612,2.369,
35.674,2.37,
35.553,2.359,
35.613,2.366,
36.047,3.222,
35.873,3.511,
36.227,2.632,
36.242,2.671,
36.324,2.814,
36.255,2.687,
36.08,3.096,
35.733,3.183,
35.94,3.416,
36.092,3.175,
36.102,2.712,
35.86,2.704,
36.298,2.772,
35.849,2.888,
36.106,2.914,
36.109,3.13,
36.102,3.126,
36.101,3.29,
36.023,3.2,
36.069,2.893,
35.916,0.102,
35.922,0.06,
35.93,0.14,
35.9,0.158,
35.93,0.106,
35.895,0.048,
35.962,0.259,
36.117,0.323,
35.998,0.297,
35.977,0.235,
35.924,0.237,
35.974,0.25,
35.981,0.279,
35.968,0.392,
35.987,0.355,
36.092,0.401,
35.773,0.241,
36.097,0.422,
35.722,0.187,
35.752,0.253,
35.773,0.157,
35.845,0.033,
35.861,0.073,
36.055,0.417,
36.154,0.496,
36.254,0.574,
35.985,0.298,
36.165,0.441,
36.131,0.467,
36.22,0.456,
36.199,0.46,
36.138,0.473,
36.192,0.496,
36.166,0.484,
36.181,0.499,
35.788,0.427,
35.648,0.174,
36.057,0.266,
36.088,0.291,
35.931,0.243,
35.916,0.301,
36.111,0.366,
36.025,0.334,
35.612,0.203,
35.78,0.128,
35.804,0.045,
35.792,0.087,
35.888,0.166,
35.892,0.233,
35.781,0.17,
35.792,0.161,
35.942,0.121,
35.81,0.21,
36.129,0.509,
35.897,0.226,
35.8,0.013,
35.847,0.041,
35.752,-0.016,
36.026,0.269,
35.958,0.143,
35.795,0.093,
35.927,0.148,
35.965,0.161,
35.982,0.168,
35.934,0.172,
35.896,0.071,
35.87,0.148,
35.999,0.34,
35.838,0.168,
35.891,0.201,
35.858,0.148,
35.928,0.374,
35.951,0.38,
35.906,0.369,
35.78,0.191,
35.965,0.327,
35.931,0.315,
35.82,0.038,
35.832,-0.015,
35.831,-0.003,
35.823,-0.004,
35.827,0.004,
35.917,0.233,
35.834,0.127,
35.913,0.221,
36.014,0.386,
36.009,0.187,
35.867,0.176,
35.767,0.034,
35.753,0.121,
35.843,0.232,
35.763,-0.073,
35.921,0.348,
35.904,0.18,
35.951,0.173,
35.867,0.038,
35.845,0.379,
35.952,0.13,
35.714,4.571,
35.685,4.583,
35.744,4.56,
35.209,4.174,
35.886,3.772,
35.67,3.881,
34.842,4.164,
35.926,4.375,
35.704,5.073,
35.815,4.724,
35.636,4.986,
35.659,4.886,
35.613,5.085,
35.543,4.465,
35.038,4.563,
35.654,5.034,
35.813,4.799,
35.495,4.486,
35.525,4.447,
35.533,4.508,
35.518,4.385,
35.128,4.08,
35.41,4.298,
35.144,3.684,
35.675,4.912,
35.56,4.662,
35.724,4.924,
35.656,4.923,
35.782,4.918,
35.785,4.943,
35.689,4.776,
35.606,4.435,
34.97,4.122,
35.421,4.02,
35.328,4.791,
35.363,4.141,
35.367,4.228,
35.296,4.174,
35.504,4.341,
35.303,4.17,
34.892,3.734,
35.821,4.287,
35.453,4.143,
35.415,4.344,
35.347,4.329,
34.816,3.756,
35.477,4.445,
35.188,4.104,
35.215,4.3,
35.16,3.907,
35.434,0.124,
35.442,0.107,
35.425,0.14,
35.528,-0.194,
35.479,-0.22,
35.43,-0.245,
35.5,0.223,
35.408,0.223,
35.534,0.039,
35.355,0.302,
35.454,0.724,
35.654,0.014,
35.328,0.335,
35.589,0.069,
35.675,0.079,
35.413,0.269,
35.387,0.357,
35.399,0.376,
35.267,0.128,
35.389,0.467,
35.417,0.33,
35.387,0.613,
35.399,0.314,
35.373,0.305,
35.395,0.284,
35.419,0.452,
35.315,-0.05,
35.361,0.131,
35.405,0.476,
35.362,-0.033,
35.36,0.422,
35.493,0.361,
35.248,0.16,
35.326,0.317,
35.404,0.583,
35.358,0.671,
35.494,0.408,
35.21,0.271,
35.344,0.609,
35.401,0.136,
35.398,0.365,
35.328,-0.081,
35.224,-0.005,
35.654,-0.231,
35.105,-0.008,
35.449,0.336,
35.531,0.28,
35.173,0.435,
35.528,0.31,
35.504,0.371,
35.456,0.342,
35.515,0.301,
35.391,0.526,
35.388,0.583,
35.408,0.494,
35.403,0.482,
35.374,0.49,
35.417,0.505,
35.389,0.436,
35.357,0.602,
35.459,-0.006,
35.366,0.262,
35.38,0.246,
35.339,0.254,
35.378,0.286,
35.44,0.613,
35.414,0.787,
35.434,0.594,
35.484,0.592,
35.438,0.621,
35.456,0.688,
35.548,0.245,
35.259,0.338,
35.283,0.641,
35.116,0.088,
35.346,0.059,
35.316,0.072,
35.331,0.066,
35.483,-0.355,
35.48,0.245,
35.493,0.43,
35.463,0.33,
35.473,0.277,
35.512,0.254,
35.489,0.202,
35.332,0.572,
35.118,0.316,
35.098,0.356,
35.076,0.206,
35.17,0.358,
35.128,0.343,
35.572,-0.043,
35.6,-0.117,
35.586,-0.08,
35.561,0.263,
35.647,0.214,
35.653,0.219,
35.207,0.568,
35.643,0.249,
35.531,0.267,
35.684,0.058,
35.303,0.127,
35.296,0.164,
35.274,0.128,
35.291,0.145,
35.289,0.164,
35.475,0.287,
35.463,0.298,
35.325,0.213,
35.323,0.185,
35.296,0.282,
35.286,0.314,
35.308,0.248,
35.493,0.368,
35.604,-0.047,
35.381,0.784,
35.417,0.214,
35.521,-0.067,
35.563,-0.26,
35.292,0.476,
35.584,-0.269,
35.644,-0.214,
35.331,0.342,
35.298,0.346,
35.565,0.259,
35.426,0.3,
35.39,0.387,
35.401,0.793,
35.46,0.258,
35.393,0.578,
35.1,0.23,
35.452,0.425,
35.404,0.166,
35.319,0.268,
35.425,-0.056,
35.369,0.065,
35.524,-0.323,
35.381,0.091,
35.531,0.405,
35.352,0.42,
35.523,0.041,
35.533,0.156,
35.287,0.359,
35.174,0.074,
35.447,0.606,
35.314,0.411,
35.216,0.274,
35.271,0.561,
35.275,0.603,
35.256,0.557,
35.281,0.524,
35.255,0.379,
35.28,0.379,
35.366,0.339,
35.416,0.279,
35.538,0.342,
35.627,0.127,
35.584,0.279,
35.617,0.249,
35.613,0.249,
35.432,0.43,
35.454,0.541,
35.48,0.456,
35.536,0.38,
35.449,0.448,
35.406,0.3,
32.605,5.913,
31.68,6.073,
33.105,6.058,
33.02,6.008,
32.613,5.513,
32.399,5.771,
31.963,5.328,
31.924,5.35,
33.085,6.389,
31.938,5.399,
32.176,5.537,
31.951,5.39,
32.699,5.431,
32.161,5.347,
31.891,5.981,
33.267,6.06,
33.1,6.407,
32.14,5.31,
32.62,5.859,
33.059,5.974,
33.499,6.008,
33.289,6.083,
33.23,6.051,
33.235,6.031,
33.225,6.072,
32.774,5.729,
32.906,6.005,
32.643,5.454,
32.656,5.822,
35.773,-0.477,
35.865,-0.31,
35.882,-0.305,
35.848,-0.315,
35.648,-0.624,
35.721,-0.563,
35.801,-0.265,
35.576,-0.852,
35.781,-0.426,
35.728,-0.708,
35.692,-0.529,
35.752,-0.531,
35.72,-0.545,
35.637,-0.401,
35.68,-0.412,
35.658,-0.407,
35.702,-0.812,
35.609,-0.574,
35.712,-0.443,
35.62,-0.586,
35.614,-0.74,
35.551,-0.451,
35.659,-0.522,
35.638,-0.55,
35.648,-0.536,
35.637,-0.668,
35.804,-0.302,
35.742,-0.56,
35.696,-0.882,
35.688,-0.87,
35.705,-0.894,
35.819,-0.358,
35.704,-0.473,
35.73,-0.467,
35.786,-0.329,
35.73,-0.579,
35.824,-0.483,
35.771,-0.477,
35.683,-0.6,
35.83,-0.392,
35.739,-0.406,
35.758,-0.242,
35.784,-0.333,
35.693,-0.418,
35.729,-0.844,
35.731,-0.191,
35.629,-0.519,
35.648,-0.57,
35.684,-0.359,
35.679,-0.364,
35.765,-0.223,
35.714,-0.21,
35.763,-0.156,
35.544,-0.483,
35.729,-0.344,
35.69,-0.556,
35.713,-0.489,
33.416,0.88,
33.953,0.205,
34.041,0.089,
33.865,0.321,
32.907,1.227,
33.003,1.244,
33.099,1.261,
32.893,0.548,
33.088,0.58,
33.703,1.477,
33.729,1.535,
33.716,1.506,
33.171,0.504,
32.864,0.02,
33.034,0.056,
33.377,1.203,
33.41,0.739,
33.013,0.108,
33.741,1.237,
33.833,1.73,
33.721,1.687,
33.757,1.224,
33.652,0.309,
28.25,7.901,
28.066,9.66,
28.087,9.779,
28.044,9.541,
28.5,6.683,
28.373,6.728,
28.12,6.819,
36.072,4.804,
35.94,5.03,
35.935,5.029,
35.944,5.031,
36.099,4.804,
35.924,4.751,
36.275,4.857,
36.121,4.825,
